code,credits,prerequisites,gen_ed
AAF150,3,,"A3, C3"
AAF150H,3,3.40 overall GPA or better,"A3, C3"
AAF201,3,,"A3, C3"
AAF202,3,,
AAF206,3,"AAF 150, or sophomore standing, or by permission of the instructor",
AAF230,3,,
AAF235,3,,
AAF239,3,,A2
AAF240,3,,"C3, A2"
AAF247,4,,"A3, C3"
AAF248,4,,"A3, C3"
AAF300,3,"Completion of AAF 201 or AAF 202, or sophomore standing",
AAF309,3,"Sophomore standing, AAF208/MUS208 (C or better), and permission of instructor are required",
AAF352,4,,"A3, C3"
AAF353,3,"AAF 150, or sophomore standing, or by permission of instructor",
AAF355,3,sophomore standing,"A3, C3"
AAF359,3,sophomore standing or permission of instructor,
AAF361,3,,
AAF362,4,,
AAF364,4,,
AAF366,3,HIS 150 or AAF 150 or HIS 142 and sophomore standing or permission of instructor,"C3, B1"
AAF372,3,,
AAF380,3,,
AAF388,3,sophomore standing or permission of instructor,
AAF390,3,permission of director,
AAF399,3,PSY 113 or 103,
AAF408,4,"PSC 113 or 210, and PSC 116 or 211",
AAF408H,4,"PSC 113 or 210, and PSC 116 or 211, and 3.40 or better overall GPA",
AAF410,3,APG 313 or PSC 201 or HIS 388 or permission of instructor,
AAF415,3,,
AAF428,3,one 300-level sociology course or permission of instructor,
AAF466,3,PSC 113 or 210,
AAF466H,3,"PSC 113 or 210, and 3.40 overall GPA",
AAF477,6,,
AAF484,4,,"C3, D1"
AAF498,3,"AAF 150, 201, 202, senior standing, or permission of instructor",
ACC199,3,Open to non-business majors with more than 24 credits or permission of dean's office,
ACC201,3,,
ACC201H,3,Must have a 3.40 overall GPA,
ACC202,3,ACC (BUS) 201 or 201H or permission of instructor,
ACC301,3,ACC (BUS) 201 or 201H or permission of instructor,
ACC302,3,ACC (BUS) 301 with a grade of C or better or permission of instructor,
ACC303,3,ACC (BUS) 202 and junior standing in a degree granting college or permission of instructor,
ACC390,1,Business majors with Sophomore standing,
ACC401,3,"ACC (BUS) 301 or concurrent enrollment in 301, BAI (BUS) 310 or current enrollment in BAI (BUS) 310, and junior standing in a degree granting college or permission of instructor",
ACC402,3,ACC (BUS) 302 or permission of instructor,
ACC402H,3,ACC (BUS) 302 or permission of instructor,
ACC403,3,"ACC (BUS) 302 or concurrent enrollment in 302, and junior sanding in a degree granting college, or permission of instructor",
ACC404,3,"ACC (BUS) 302 or concurrent enrollment in 302, or permission of instructor",
ACC491,3,must be a student in the College of Business with more than 75 credits and permission of instructor,
ACC492,3,must be a student in the College of Business with more than 75 credits and permission of instructor,
ACC493,6,Admission into an internship program and permission of instructor,
AFS102,3,,
AFS105G,3,,A1
AFS106,1,,
AFS132G,3,,A2
AFS132GH,3,3.40 overall GPA,A2
AFS190,3,,A1
AFS201,4,AFS 105G,
AFS202,3,,
AFS215,3,AFS 105G,
AFS270,3,scuba diving physical examination and demonstration of strong swimming skills,
AFS290,3,,
AFS291,1,Sophomore standing; permission of instructor,
AFS300,4,AFS105G and a BIO course or permission of instructor,D1
AFS321,3,AFS 105G and concurrent enrollment in AFS 322,
AFS322,1,AFS 105G and concurrent enrollment in AFS 321,
AFS362,3,AFS 201 and 202,
AFS391,3,,
AFS392,3,,
AFS395,3,Permission of instructor,
AFS396,3,"AFS 270 or equivalent Open Water Scuba Diving certification upon approval of course instructor, and admission into the Undergraduate Marine Technical Certificate Program",
AFS397,1,"Credit or concurrent enrollment in AFS 395, permission of instructor, must pass basic swim evaluation",
AFS399,12,Students must have completed one semester at URI with a GPA above 2.0 and be a current or prospective AFS major or minor; or by permission of instructor,
AFS415,3,AFS 215 and MTH131 or MTH141,
AFS416,1,concurrent registration in AFS 415,
AFS425,3,AFS 105G or permission of instructor,
AFS432,3,AFS 105G,
AFS433,3,scuba certification and permission of instructor,
AFS440,3,permission of instructor,D1
AFS483,3,AFS 202,
AFS486,3,BIO 101 or 110,
AFS488G,3,Junior standing or permission of instructor,"B1, C1"
AFS491,3,,
AFS492,3,,
AFS498,3,Sophomore standing; for majors only; not for major credit in AFS; B or higher in course; permission of instructor,
AME204,4,,"B1, C3"
AMS393G,3,Pre: STA 308 or STA 409 or BAI 210; STA 305 or LTI/DSP 110; and MTH 215,"B3, D1"
AMS450,3,"MTH 215, MTH 451 and CSC 310 or permission of the instructor",
AMS490,4,Permission of instructor,
APG200,3,,"A2, C3"
APG201,3,,"A1, C3"
APG202,3,,"A2, C2"
APG203,3,,A2
APG282G,3,Sophomore or higher standing,"A1, C2"
APG302,3,APG 203 or permission of instructor,
APG303,3,,
APG304,3,APG 202 or permission of instructor,
APG308,3,sophomore standing,
APG308H,3,3.40 overall gpa and sophomore standing,
APG310,3,one anthropology course or permission of instructor,
APG310H,3,"3.40 overall gpa and one anthropology course, or permission of instructor",
APG311,3,,
APG319,3,,
APG325G,3,,"A2, C3"
APG328,3,one APG course or permission of instructor,
APG345,3,,
APG370,3,,
APG377,3,Permission of instructor,
APG392G,3,,"A3, C3"
APG396,6,permission of instructor,
APG399,3,"APG 201, or permission of instructor",
APG401,3,"APG 200 or 203, and junior standing; or permission of instructor",
APG411,3,"APG 201 and 202, or permission of instructor",
APG413,3,APG 203 or MAF 100 or graduate status,
APG414,3,APG 200 or APG 201 or APG 202 or APG 203,
APG415,3,"open only to juniors, seniors, and graduate students",
APG417,3,APG 202 and junior standing; or permission of instructor,
APG427,4,"APG 200, APG 201, APG 202, APG 203 and senior standing, or permission of instructor",D1
APG465,3,"at least 3 credits at the 300-level in anthropology, art history, or history; or permission of the instructor",
APG470,6,permission of instructor,
APG471,3,,
APG475G,3,"300-level coursework in sociology, anthropology, gender and women's studies, or health studies; or permission of the instructor","A2, C2"
APG477,3,,
APG490,3,"at least 3 credits of course work at the 300-level in history, anthropology or art history, or permission of instructor",
ARB497,3,instructor consent,
ART101,3,,A4
ART103,3,,A4
ART105,3,,A4
ART120,3,,A4
ART200,1,"3 of the following courses ART 101, 103, 105, or 207",
ART203,3,,
ART204,3,,
ART207,3,,A4
ART208,3,ART 207,
ART213,3,,
ART214,3,,
ART215,3,,
ART221,3,ART 101 or 207,
ART231,3,ART 101 or 207 or permission of instructor,
ART233,3,ART 101 or permission of chairperson,
ART243,3,ART 103 or permission of instructor,
ART251,3,,A3
ART252,3,,A3
ART284,3,,
ART301,3,permission of chairperson and instructor,
ART303,3,"art major status, or permission of instructor or chairperson",
ART304,3,ART 204,
ART309,3,ART 208 or permission of instructor,
ART312,4,sophomore standing,
ART314,3,ART 213,
ART315,3,ART 214 or Art 213 and 204 or permission of instructor,
ART316,3,"ART 215, or permission of instructor",
ART322,3,ART 221,
ART324,3,ART 207 and 208 and 221 or permission of instructor,
ART332,3,ART 231,
ART334,3,ART 233 or permission of chairperson,
ART344,3,ART 243 or permission of instructor,
ART354,3,,
ART356,3,,
ART359,3,ART 251 or 252 or permission of instructor,
ART361,3,,
ART362,3,,
ART364,3,,
ART365,3,ART 251 or 252 or permission of instructor,
ART366,3,,"C2, D1"
ART374,3,,
ART375,3,,
ART380,3,ART 251 or 252 or permission of instructor,
ART385,3,,
ART387G,3,"12 credits earned at 100 level or above, and one of LAR 201 or LAR 202 or ART 105 or ART 214, or permission of instructor","D1, C1"
ART395,3,Permission of instructor,
ART397,1,"Credit or concurrent enrollment in AFS 395, permission of instructor, must pass basic swim evaluation",
ART404,3,"junior, senior, or graduate standing","A4, D1"
ART405,3,Limited to senior B,
ART465,3,"at least 3 credits at the 300-level in anthropology, art history, or history; or permission of the instructor",
ART470,6,"senior standing, art history major, permission of chairperson",
ART477,6,junior standing in the B,
ART480,3,permission of instructor,
ASL101,3,,"B2, C3"
ASL102,3,ASL 101 or equivalent,"B2, C3"
AST108,4,,A1
AST108H,4,3.4 GPA and new student orientation,A1
AST118,4,,A1
AST118H,4,Must have a 3.4 overall GPA or higher,A1
AST334,3,PHY 112 or 205,
AST483,3,PHY 381 and 382,
AST484,3,PHY 381 and 382,"D1, B3"
AST491,6,,
AST492,6,,
AVS101,3,,A1
AVS102,1,credit or concurrent enrollment in 101,
AVS110,1,AVS 101,
AVS122,3,"First semester freshmen from AVS, BIO, or Marine Biology majors only",
AVS132G,3,,A2
AVS132GH,3,3.40 overall GPA,A2
AVS201,3,AVS 101,
AVS212,3,AVS 101 and 102,
AVS250,2,AVS 101 and AVS 102,
AVS275,4,AVS 101 and 102 or permission of instructor,
AVS291,1,Sophomore standing; permission of instructor,
AVS301,1,junior or senior standing,
AVS304,3,AVS 101 and AVS 102 and either AVS 323 or AVS 324,
AVS323,3,AVS 101,
AVS324,3,AVS 101,
AVS325,3,AVS 101 or permission of instructor,
AVS326,3,AVS 101,
AVS327,3,BIO 101 and 102 and sophomore standing or above,
AVS331,3,"BIO 101 or 110, or CHM 101 or CHM 103",
AVS332,3,AVS 331,
AVS333,1,credit or concurrent enrollment in 331,
AVS343,3,AVS 331,
AVS372,3,"BIO101 or BIO110, sophomore standing, or permission of instructor",
AVS390,3,,
AVS390H,3,Overall GPA of 3.4 or higher,
AVS398,1,AVS 327  and credit or concurrent enrollment in AVS 399,
AVS399,12,Students must have completed one semester at URI with a GPA above 2.0 and be a current or prospective AVS major or minor; cannot be counted for concentration credit in AVS; or by permission of instructor,
AVS404,3,Senior in good standing or permission of instructor,"D1, B4"
AVS412,3,junior standing or above,
AVS420,3,junior standing or above,
AVS427,2,"AVS 327, AVS 343",
AVS440,3,"junior standing, and BIO 101 or 110, and 102 and permission of the instructor",
AVS442,3,Sophomore standing or above and a major in any department in CELS and permission of instructor,
AVS443,3,AVS 343 or concurrent enrollment in AVS 343,D1
AVS462,4,AVS 331 and 333,
AVS463,3,AVS 331,
AVS472,3,"BIO 101 or 110, and AVS 331 or permission of instructor",D1
AVS473,1,concurrent enrollment in AVS 472,
AVS491,3,,
AVS492,3,,
AVS498,3,sophomore standing; for majors only; not for major credit in AVS; B or higher in course; permission of instructor,
BAI109,3,Open to students with a BU code or permission of the instructor,
BAI110,3,open to students with a BU code or permission of the COB dean's office,
BAI111,3,open to students passing a placement test or earning a C- or better in BAI (BUS) 113 or permission of instructor,B3
BAI210,3,Minimum of C- in BAI (BUS) 111 or MTH 131 or MTH 141,
BAI212,3,BAI (BUS) 210 or STA 308,
BAI310,3,BAI (BUS) 113 or BAI 109 or BAI 111 or MTH 131 or MTH 141,
BAI311,3,BAI (BUS) 210 or STA 308 and BAI (BUS) 310 or permission of instructor,
BAI356,3,BAI (BUS) 113 or BAI (BUS) 210 or STA308 or CSC106 or CSC201 or permission of the instructor,
BAI357,3,,
BAI358,3,,
BAI390,1,,
BAI405,3,"Open to juniors and seniors in the College of Business Administration, completion of BAI (BUS) 310 or permission of instructor",
BAI455,3,"BAI 212, BAI356, and senior standing in a degree granting college; or by permission of instructor",
BAI456,3,Junior standing in a degree-granting college and BAI212 and BAI356; or CSC 201 or CSC 211,
BAI457,3,BAI 310 or permission of instructor,
BAI458,3,,
BAI476,3,MTH 215 and (BAI (BUS) 211 or STA 308 or STA 409) and MKT (BUS) 365 - all with grades of C or better,
BAI491,3,must be a student in the College of Business with more than 75 credits and permission of instructor,
BAI492,3,must be a student in the College of Business with more than 75 credits and permission of instructor,
BAI493,6,"admission into internship program, and permission of instructor",
BIO101,3,Credit or concurrent enrollment in BIO 103,A1
BIO101H,3,Credit or concurrent enrollment in BIO 103 and a 3.4 overall GPA,A1
BIO102,3,"BIO 101 or 110, 103, and credit or concurrent enrollment in BIO 104",A1
BIO103,1,credit or concurrent enrollment in BIO 101 or 110,A1
BIO104,1,"BIO 101 or 110, 103 and credit or concurrent enrollment in 102",A1
BIO110,3,Credit or concurrent enrollment in BIO 103,A1
BIO130,1,Limited to marine biology majors,
BIO181G,3,,A1
BIO201,4,"BIO 101/103  or 110/103, and 102/104, and CHM 101, or permission of instructor",
BIO220,3,Credit or concurrent enrollment in BIO 221,
BIO221,1,Credit or concurrent enrollment in BIO 220,
BIO222,3,"BIO 220 and 221, and credit or concurrent enrollment in BIO 223",
BIO223,1,"BIO 220 and BIO 221, and credit or concurrent enrollment in BIO 222",
BIO228,1,Credit or concurrent registration in BIO 102,
BIO230G,3,Students must be of sophomore standing,C1
BIO256G,3,BIO 262 or NRS 223,"A1, C2"
BIO262,4,"BIO 101 or 110, 102 or equivalent",
BIO263,1,credit or concurrent registration in BIO 262,
BIO272,4,"GEO102 or one semester of biological sciences, or permission of instructors",
BIO282G,3,Sophomore or higher standing,"A1, C2"
BIO286,3,,
BIO291,1,Sophomore standing; permission of instructor,
BIO300,3,BIO 121 or BIO 220 and BIO 221 and BIO 222 and BIO 223 or permission of instructor,
BIO301,1,"BIO 220, BIO 221, BIO 222 and BIO 223, completion of or concurrent enrollment in KIN (BIO) 300 or permission of instructor",
BIO302,4,"BIO 101 or 110, 102, and two additional semesters of biological sciences; genetics recommended",
BIO308,3,"BIO 101 or 110, and BIO 102, or permission of instructor",
BIO310,2,concurrent enrollment in BIO308,
BIO311,4,BIO 102 or permission of instructor,
BIO320,3,CMB 201 or CMB 211,
BIO321,4,BIO 102 or permission of instructor,
BIO323,4,BIO 102,
BIO331,3,BIO 101 and BIO 102,
BIO332,4,BIO 102 or PLS 150 or permission of instructor,
BIO341,3,one semester of biological sciences and one semester of organic chemistry,
BIO345,4,BIO 260 or 360 or permission of instructor,
BIO346,3,"BIO 102, one semester of chemistry, or permission of instructor",
BIO350,4,BIO 102 or permission of instructor,
BIO352,4,"BIO 101 or 110, and BIO 102",
BIO353,1,credit or concurrent enrollment in CMB/BIO 352,
BIO354,4,"BIO 101 or 110, 102, 103, and 104",
BIO355,3,"BIO 101 or 110, and 102 or permission of instructor",
BIO360,4,"BIO 101 or 110, and 102",
BIO365,4,BIO 102,
BIO366,3,BIO 262 recommended,
BIO388,3,"BIO 101 or 110, and 102, or permission of instructor",
BIO396,3,"Pre: junior or senior standing majoring in Biological Sciences (BS), Biology (BA) or Marine Biology (BS), or permission of instructor","D1, B4"
BIO404,4,"BIO 101 or 110, and 102 and junior standing",
BIO412,4,"BIO 101 or 110, and 102, or permission of instructor",
BIO416,4,"BIO 101, 102 and  BIO 262 or BIO 360 (or permission from instructor)",
BIO417,4,"BIO 101/103 or 110/103, and 102/104; and NRS 223 or BIO 262, and permission of instructor",
BIO419,1,"concurrent enrollment in or credit for NRS/BIO 417, and permission of instructor",
BIO422,3,BIO 360 and junior standing or permission of the instructor,
BIO425G,3,"BIO 262 and junior standing, or permission of instructor","D1, B2"
BIO437,3,"CMB211, BIO352, and CMB311, or permission of instructor",
BIO439,3,"junior standing, MTH 131 or 141",
BIO440G,3,BIO101 and junior standing,"A1, B2"
BIO444,3,BIO 262 or ENT 385,
BIO452,3,BIO 352,
BIO455,3,262 or permission of instructor,
BIO465,3,BIO 262 or permission of instructor,
BIO467,3,two semesters of biology,
BIO469,5,"BIO 360, junior standing, and permission of instructor",
BIO475,5,BIO 262 and junior standing; SCUBA certification required,
BIO480,3,BIO 262 or permission of instructor,
BIO482G,3,BIO/CMB 352 and one additional BIO course at 200 level or above,D1
BIO485,4,BIO 262 or NRS 223 and 2 semesters of chemistry or permission of instructor,
BIO491,3,open only to undergraduates on arrangement with staff,
BIO492,3,open only to undergraduates on arrangement with staff,
BIO495,6,"Junior standing, BIO 475 and 469",
BIO498,1,permission of instructor,
BIS199,3,,
BIS299,2,BIS 199,
BIS319G,3,,"B1, C3"
BIS325,3,,
BIS350,6,permission of the academic department chairperson and the B,
BIS399,3,BIS199 and WRT227 or permission of instructor,"D1, B1"
BIS450,3,,
BME181,1,credit or concurrent enrollment in MTH 141 or permission of instructor,
BME207,3,(MTH 142 and PHY 204 and (credit or concurrent enrollment in BIO 220)) or permission of instructor,
BME281,1,BME 181 or permission of instructor,
BME307,3,((ELE 212 or 220) and (MTH 243 or 362)) or permission of instructor,
BME360,3,ELE 212,
BME361,1,Concurrent enrollment or credit in BME 360 is required,
BME362,3,(BME 360 and BME 361) or permission of instructor,
BME363,1,Concurrent enrollment or credit in BME 362 or permission of the instructor,
BME391,4,,
BME461,3,"ELE313, or permission of instructor",
BME464,3,(BME207 and BME360 and ELE313) or permission of instructor,
BME465,1,credit or concurrent enrollment in BME464,
BME466,3,(CHM 124 or CHM 227 and MTH 244 or 362) or permission of instructor,
BME468,3,BME360 or permission of instructor,
BME473,4,"{(MTH243 or equivalent), and (MTH451 or STA409 or ISE311 or equivalent), and (ELE314 or equivalent), and Matlab programming} or by permission of instructor",
BME484,3,(BME 207 and 362) or permission of instructor,D1
BME485,2,BME 484 or permission of instructor,D1
BME491,4,,
BPS101,,,
BPS102,,,
BPS136,3,,"A1, B2"
BPS201,3,,A1
BPS203,3,,"A1, B4"
BPS204G,3,,"A1, B4"
BPS205G,3,,"A1, B4"
BPS206,3,Open to students in the cannabis studies minor or by permission of program director,
BPS208G,3,,A1
BPS240,3,BIO 101 or BIO 110 or permission of instructor,
BPS250,1,Sophomore standing in BSPS program or permission of instructor,
BPS301,2,BSPS majors with junior standing and above,
BPS303,2,first-year Doctor of Pharmacy professional student in good standing or permission of instructor,
BPS306,2,"BPS 301, admitted to BSPS majors, and PHARM degree-granting college designation",
BPS312,3,BPS 206,
BPS313,2,CHM 228 and BSPS majors with junior standing or above,
BPS314,3,BPS 206,
BPS315,4,"Admitted to Pharmaceutical Science BS and PHARM degree-granting college designation, or by permission of instructor",
BPS316,3,BPS 206,
BPS318,2,first-year Doctor of Pharmacy professional student  or permission of instructor,
BPS319,3,First-year standing in the Pharm,
BPS320,3,This course is open to first year Doctor of Pharmacy students,
BPS321,3,BIO 101 or NEU 101 or instructor permission,
BPS325,2,"credit of concurrent enrollment in BPS 301 and BPS 313, BSPS majors, and PHARM degree-granting college designation",
BPS333,3,"NUR 213 and 234, or RN student status or permission of instructor",
BPS337,4,First professional year Doctor of Pharmacy student,
BPS338,3,"Doctor of Pharmacy professional student, P1 standing",
BPS340,3,for AVS students: AVS 331 and 333 or permission of instructor; Pre: for BSPS and Pharm,
BPS345,3,BSPS or INP major and at least sophomore standing,
BPS352,3,first-year Doctor of Pharmacy professional student in good standing or permission of instructor,
BPS401,3,"BSPS majors with junior standing or above, and BIO 222, and CMB 311",
BPS402,3,BS Pharmaceutical Sciences major and BPS 401,
BPS411,4,"STA 307, or 308, or 409, or permission of instructor",
BPS415,3,Second-year Doctor of Pharmacy student (P2) or permission of the instructor,P2
BPS418,3,second-year Doctor of Pharmacy Student; PHP 315,
BPS425,3,BSPS majors with junior standing or above and BPS 315,
BPS426,3,"Students enrolled in Pharmaceutical Sciences BS, Pharmacy PMD, Pharmaceutical Manufacturing & Formulation Minor, or Biomedical and Pharmaceutical Sciences Minor, or by permission of instructor",
BPS432,3,BIO101 (or BIO110 or NEU101) and BPS321; or instructor permission,
BPS436,3,"any one of the following--BIO 101, 104B, 113, 121, PSY 381, or permission of instructor",
BPS437,3,Doctor of Pharmacy professional student,
BPS438,3,Doctor of Pharmacy professional student,
BPS442,3,CMB 311 and BPS 321,
BPS443,2,BSPS majors with junior standing or above and BPS315,
BPS445,3,CHM 228; CMB 201 or equivalent,
BPS446,3,BIO 101 and CMB 311,
BPS450,3,CMB 311 or BIO 352 (or CMB 352) or BIO 341 or permission of instructor,
BPS451,4,"BPS 345, BSPS majors with senior standing, and PHARM degree-granting college designation",
BPS455,3,CMB 311 and CHM 227,
BPS460,12,Permission number required,
BPS497,5,permission of chairperson,
BPS498,5,permission of chairperson,
BTC102,1,Biotechnology student,
BTC110,3,"BIO 101 or 110, and 103 or concurrent enrollment",
BTC111,1,"Biotechnology majors with credit or concurrent enrollment in BTC 110, or by permission of instructor",
BTC195,5,BTC110 and BTC111,
BTC199,12,enrollment in the biotechnology manufacturing option,
BTC405,3,"BTC (CMB) 110, CMB 211 and 311",
BUS290,1,For current and prospective business students with at least 15 credits earned,
BUS325,3,,
BUS392,3,"Prospective Business students with at least one semester completed, and a minimum GPA of 2.0",
BUS494,0,BUS major and instructor consent,
CCJ200,3,"CCJ/SOC 230 and CCJ/SOC/PSC 274, or permission of instructor",
CCJ230,3,,A2
CCJ230H,3,,A2
CCJ274,3,,
CCJ274H,3,3.40 or higher overall GPA,
CCJ280,3,"CCJ major, C or better in CCJ/PSC 274, or permission of instructor",
CCJ285,3,"CCJ majors who have earned a C or better in CCJ/PSC 274(H), or by permission of instructor",
CCJ290,3,"CCJ major and C or better in CCJ/PSC 274(H), or permission of instructor",
CCJ332,3,"SOC or CCJ major, C or better in CCJ/PSC 274 and SOC/CCJ 230, and junior or senior standing or permission of instructor",
CCJ333,3,"SOC or CCJ major, C or better in CCJ/PSC 274 and SOC/CCJ 230, and junior or senior standing, or permission of instructor",
CCJ334,3,C or better in CCJ/SOC 230 or CCJ/SOC 230H and C or better in CCJ/PSC 274 or CCJ/PSC 274H; and Junior or Senior standing or permission of instructor,
CCJ361,3,Sophomore standing or instructor permission,
CCJ370,3,"SOC or CCJ major, C or better in CCJ/PSC 274 and SOC/CCJ 230, and junior or senior standing or permission of instructor",
CCJ381,1,,
CCJ400,3,"CCJ major, and C or better in CCJ/PSC 274(H) and SOC/CCJ 230(H); and junior/senior status, or permission of instructor",
CCJ403,3,"C or better in CCJ/PSC 274 and SOC/CCJ 230, at least 18 credits in CCJ major (including CCJ 370 and research course) or permission of instructor","D1, B1"
CCJ410,3,"CCJ major, C or better in CCJ274/PSC274(H) and SOC230/CCJ230(H), at least 18 credits in CCJ major (including research course) or permission of instructor","D1, B1"
CCJ450,3,Open only to juniors and seniors; C or better in CCJ/PSC 274 and SOC/CCJ 230,
CCJ456,3,"C or better in CCJ/PSC 274 or CCJ/PSC 274(H); C or better in CCJ 285; junior or senior standing, or permission of instructor",
CCJ476,3,CCJ major; C or better in CCJ274/PSC274(H) and SOC230/CCJ230(H); at least 18 credits in CCJ major (including research course) or by permission of instructor,"D1, B1"
CCJ480,3,C or better in CCJ 280 or 330 and junior standing or permission of instructor,
CCJ485,6,Permission of instructor,
CCJ490,3,"CCJ major, C or better in CCJ/PSC 274(H) and SOC/CCJ 230(H), and junior or senior standing or permission of instructor",
CHE204G,3,,"A1, B4"
CHE212,3,CHM 112 or 192 or permission of instructor,
CHE213,3,"C- or better in CHE 212 and credit or concurrent enrollment in MTH 243, or permission of instructor",
CHE232,3,"CHM 101, 103, or 191, or permission of instructor",
CHE272,3,C- or better in CHE 212 and credit or concurrent enrollment in MTH 243 or permission of instructor,
CHE314,3,C- or better in CHE 213 or permission of instructor,
CHE333,3,junior standing or permission of instructor,
CHE347,3,MTH 243 or permission of instructor,
CHE348,3,CHE 347 or permission of instructor,
CHE364,3,"C- or better in CHE 212 and credit in CHE 314, or permission of instructor",
CHE425,3,"MTH 243, CHE 364, and credit or concurrent enrollment in CHE 347 or MCE 354 or permission of instructor",
CHE428,1,CHE 348 or permission of instructor,
CHE445,2,CHE 348 or permission of instructor,
CHE446,2,CHE 348 or permission of instructor,
CHE449,3,CHE 348 or permission of instructor,
CHE451,3,"CHE 314 and CHE 348 and co-requisite of CHE 449, or permission of instructor",
CHE452,3,"CHE 364, 425, 449 (349), and 451 (351), or permission of instructor","D1, C2"
CHE466,3,(CHM 124 or CHM 227 and MTH 244 or 362) or permission of instructor,
CHE471,3,MTH 244 or permission of instructor,
CHE473,3,MTH 244 or permission of instructor,
CHE474,3,MTH 244 or permission of instructor,
CHE476,3,"CHE 232 or 333, or permission of instructor",
CHE491,6,permission of instructor,
CHE492,6,permission of instructor,
CHM101,3,"concurrent enrollment in CHM101R, or credit or concurrent enrollment in MTH131 or MTH141",A1
CHM101H,3,Honors Program New Admit or Honors Transfer Admit or CGPA 3.4 or above with a C- or better in CHM101,A1
CHM101R,1,Concurrent enrollment in CHM101,
CHM102,1,credit or concurrent enrollment in CHM 101,
CHM103,3,"Not open to students with credit in CHM101, CHM101H, or CHM191",A1
CHM103H,3,Honors Program New Admit or Honors Transfer Admit or CGPA 3.4 or above,A1
CHM105,1,credit or concurrent enrollment in CHM103 or CHM103H,
CHM112,3,CHM101 (grade of C- or better) or CHM101H (grade of C- or better),
CHM112H,3,"CHM101 (grade of C- or better) or CHM101H (grade of C- or better), and a 3.4 GPA or higher",
CHM114,1,CHM102 and credit or concurrent enrollment in CHM112 or CHM112H,
CHM124,3,CHM101 or CHM101H or CHM103 with a grade of C- or better,
CHM124H,3,CHM 101 with a grade of C- or better or CHM 103 with a grade of C- or better,
CHM126,1,"CHM102 or CHM105, and credit or concurrent enrollment in CHM124 or CHM124H",
CHM191,5,Chemistry major,
CHM192,5,"Chemistry major, and prior or concurrent enrollment in MTH141, and CHM101 or CHM101H, and CHM102 (grade of C- or better) or CHM191 (grade of C- or better)",
CHM212,4,"CHM112 or CHM112H, and CHM114 with grade of C- or better or CHM192 with grade of C- or better",
CHM226,2,"CHM114 or CHM112H, and credit or concurrent enrollment in CHM228",
CHM227,3,"CHM112 or CHM112H with grade of C- or better, or CHM192 with grade of C- or better",
CHM227H,3,"CHM112 or CHM112H with a grade of C- or better; or CHM192 with a grade of C- or better, and 3.40 overall GPA",
CHM228,3,CHM227 or CHM227H with a grade of C- or better,
CHM228H,3,"overall 3.40 gpa or higher, and CHM227 or CHM227H with a grade of C- or better",
CHM291,3,"CHM 192 with grade of C- or better, and chemistry major",
CHM292,5,"CHM 291 with grade of C- or better, and chemistry major",
CHM335,2,431,
CHM353,12,permission of instructor,D1
CHM354,12,permission of instructor,D1
CHM371,1,Permission of instructor only,
CHM391,1,,
CHM392,3,,
CHM401,3,CHM 432,
CHM402,2,CHM 401,
CHM412,3,CHM 212; and 228 or 292; and completion or concurrent enrollment in 432,
CHM414,2,credit or concurrent enrollment in 412,
CHM425,2,CHM 292 or 226 and 228 and credit or concurrent enrollment in CHM 427,
CHM427,3,"CHM 226 and 228 with a grade of C- or better, or CHM 292 with a grade of C- or better",
CHM431,3,"CHM 112 and 114 with a grade of C- or better, or CHM 192 with a grade of C- or better, and MTH 142 with a grade of C- or better, and PHY 112 or PHY 204",
CHM432,3,CHM 431with a grade of C- or better,
CHM441,3,"CHM 228 or 292, 432",
CHM461,3,"CHM 228, 228H, or 292; or permission of instructor",
CHM477,3,Instructor consent,
CHM492,1,credit or concurrent enrollment in CHM 432,
CHN101,3,no prior Chinese is required,"C2, A3"
CHN101H,3,no prior Chinese is required,"C2, A3"
CHN102,3,,"A3, C2"
CHN103,3,,"A3, C2"
CHN104,3,,
CHN111,4,,"A3, C2"
CHN111H,4,3.40 overall GPA,"A3, C2"
CHN112,4,CHN 111 or equivalent,"C2, A3"
CHN112H,4,CHN 111 or equivalent and 3.40 overall gpa,"C2, A3"
CHN121,1,,
CHN122,1,,
CHN123,1,,
CHN124,1,,
CHN205,3,CHN 104 or permission of instructor,"C2, A3"
CHN206,3,CHN 205 or permission of instructor,"C2, A3"
CHN211,4,"CHN 112, 112H or equivalent, or permission of instructor","C2, A3"
CHN211H,4,"3.40 overall gpa and CHN 112, 112H or equivalent, or permission of instructor","C2, A3"
CHN212,4,"CHN 211, 211H or equivalent, or permission of instructor","C2, A3"
CHN212H,4,"3.40 overall gpa and CHN 211, 211H or equivalent, or permission of instructor","C2, A3"
CHN231,1,,
CHN232,1,,
CHN233,1,,
CHN305,3,CHN 206 or permission of instructor,
CHN306,3,CHN 305 or permission of instructor,"C2, B4"
CHN311,4,"CHN 212, 212H or equivalent, or permission of instructor","C2, A3"
CHN311H,4,"3.40 overall gpa and CHN 212, 212H or equivalent, or permission of instructor","C2, A3"
CHN312,4,"CHN 311, 311H or equivalent, or permission of instructor","C2, A3"
CHN312H,4,"3.40 overall gpa and CHN 311, 311H or equivalent, or permission of instructor","C2, A3"
CHN401,3,CHN 306 or 316 or 316H or permission of instructor,
CHN411,4,"CHN 312 or 312H  or equivalent, or permission of instructor",
CHN411H,4,"CHN312 or CHN312H  or equivalent, overall GPA of 3.4 or higher, Honors eligible (incoming freshmen or transfer students), permission of the Honors Director",
CHN412,4,CHN 411 or equivalent,
CHN413,3,CHN 306 (or EGR 306) or permission of instructor,
CHN421,3,CHN 306 or permission of instructor,
CHN422,3,CHN 421 or permission of instructor,
CHN460,3,"CHN 411, or by permission of instructor",
CHN485,4,"CHN 306, 307, 316  or equivalent",
CHN486,4,"CHN 485, 421, 401 or equivalent",
CHN497,3,acceptance of a project by a faculty member and approval of section head,
CHN498,3,acceptance of a project by a faculty member and approval of section head,
CHS102,1,,
CHS199X,1,Completion of 24 earned credits and admitted to a College of Health Sciences major; or by permission of instructor,
CHS491,3,Permission of instructor,
CLA110,3,,"A3, B1"
CLA301,3,sophomore standing or permission of instructor,
CLA302,3,sophomore standing or permission of instructor,
CLA391,3,,"A3, C2"
CLA395,3,,"A3, C2"
CLA396,3,,"A3, C2"
CLA397,3,,"A3, C2"
CLA497,6,faculty acceptance of project,"B4, C2"
CLS160,4,,"A3, C2"
CLS451,4,junior standing or permission of instructor,"A4, C2"
CMB190,3,,A1
CMB201,3,Completed 1 course in BIO and 1 course in CHM,
CMB202,1,Credit or concurrent enrollment in CMB201,
CMB210,3,one year college biology and one year of chemistry including CHM 124,
CMB211,4,"One semester of biology, one year of chemistry",D1
CMB240,3,BIO 101 or BIO 110 or permission of instructor,
CMB242,3,,
CMB245,3,,
CMB260G,3,,"A1, B4"
CMB265G,3,,"A1, B4"
CMB311,3,CHM 124 or equivalent,
CMB311H,3,"CHM 124 or equivalent, and 3.40 overall GPA",
CMB312,2,"credit or concurrent enrollment in CMB 311, 311H, or 210, or an equivalent course, or by permission of instructor",
CMB320,3,CMB 201 or CMB 211,
CMB332,2,CMB 201 or 211,
CMB333,3,CMB 201 or 211,
CMB334,3,CMB 201 or 211,
CMB341,3,one semester of biological sciences and one semester of organic chemistry,
CMB352,4,BIO 101 and BIO 102,
CMB353,1,credit or concurrent enrollment in CMB/BIO 352,
CMB412,3,"CMB 311 and CMB 312 or 211, or by permission of instructor",
CMB413,3,"CMB 211, credit or concurrent enrollment in CMB 311 and BIO 352, or permission of instructor",
CMB414,3,"CMB 211, credit or concurrent enrollment in CMB 311, or permission of instructor",
CMB415,2,concurrent enrollment in CMB 413 or permission of instructor,
CMB416,2,concurrent enrollment in CMB 414 or permission of instructor,
CMB421,3,"CHM 124 or 227, MTH 103 or 111, PHY 111 or 203, or graduate standing",
CMB426,3,CMB 311 or permission of instructor,
CMB432,3,CMB 201 or CMB 211,
CMB435,3,"CMB 311 or CMB 352, or permission of instructor",
CMB450,3,CMB 311 or BIO 352 (or CMB 352) or BIO 341 or permission of instructor,
CMB451,1,concurrent enrollment in CMB 453 or permission of instructor,
CMB452,3,BIO 352,
CMB453,3,"two semesters of biological sciences, CMB 311, junior standing, or permission of instructor",
CMB460,3,CMB 311 or permission of instructor or graduate standing,
CMB464,3,CMB 311 or 581,
CMB482,3,CMB 311 or equivalent,
CMB483,3,CMB 201 or 211,D1
CMB491,6,Permission of instructor,
CMB495,1,,
CMB498,3,"B+ or higher in CMB201 or CMB211, and permission of instructor",
CMB499,12,junior or senior standing and approval by the CMB internship coordinator and department chairperson,
CMD160,3,,
CMD272,3,sophomore standing,
CMD273,3,,
CMD274,2,sophomore standing,
CMD276,3,CMD 272 and 273,
CMD278,3,CMD 276,
CMD280G,3,"Sophomore standing and one of the following: BIO 101, CMD 160, KIN 122, or PSY 113",D1
CMD361,3,CMD 160 and 278,
CMD375,3,CMD 273,
CMD377,3,CMD 272 and junior standing,
CMD440,3,,
CMD454,3,"CMD160 and three of the following: CMD372, CMD373, CMD374, CMD375, CMD376, and senior or graduate standing with CMD551 as prerequisite for graduate standing",
CMD460,3,senior standing,
CMD465,4,Senior or graduate standing only; not for graduate credit in communicative disorders,D1
CMD491,3,,
CMD492,3,,
CMD493G,3,CMD 375,C3
CMD494,3,"Senior standing  or CMD 375, or permission of instructor",
CMD495,3,"NUR213, KIN122, CMD280G, CMD377, BIO220, or NEU101; junior standing, or permission of instructor",
CMD496,3,By permission of instructor,
COM100,3,,"B2, C1"
COM100H,3,Must have a 3.40 overall GPA,"B2, C1"
COM108G,4,,"B4, C1"
COM110,4,sophomore standing (30+ credits),
COM202,3,"COM major, COM declared minor and COM100 or COM100H or COM110 or permission of instructor",
COM203,3,COM 100 or PRS 100 or permission of the instructor,
COM204,3,"COM 100, and declared major or minor in Sports Media and Communication",
COM207,1,COM 100 or 100H or 110 and permission of the director of debate,
COM208,3,COM 100 or 100H or 110,
COM208H,3,"3.40 or better overall GPA, and COM 100 or 100H or 110",
COM210,3,COM 100 or 100H or 110,
COM221,3,COM major or COM declared minor and COM100 or COM100H or COM110; or by permission of instructor,
COM230,3,COM100,
COM243G,3,,A2
COM243GH,3,3.40 overall GPA,A2
COM246,3,COM100,
COM250,3,,"B2, C1"
COM251,3,COM 100 or 100H or 110,
COM291,1,permission of instructor,
COM302,3,COM 202 and junior standing in a degree-granting college or permission of instructor,
COM306,4,,
COM310,3,Junior standing COM major or declared minor or by permission of instructor,
COM312,4,sophomore standing,
COM315,3,"COM 100, junior standing in a degree-granting college or permission of instructor","D1, C1"
COM316B,3,junior standing in degree-granting college or permission of instructor,
COM320,3,,
COM321G,3,COM 100 or permission of instructor,A2
COM321GH,3,"COM 100 and overall GPA of 3.4 or higher, or permission of instructor",A2
COM322,3,junior standing in a degree-granting college or permission of instructor,C3
COM324,3,"COM 202 or 221, and junior standing in a degree-granting college or permission of instructor",
COM326,3,COM 202 and 221 and junior standing in a degree-granting college or permission of instructor,
COM341,3,Junior standing in a degree-granting college or permission of instructor,
COM342,3,COM 341 and junior standing in a degree-granting college or permission of instructor,
COM344,4,COM 342 or FLM 351 or FLM 445 or permission of instructor,
COM346,3,COM100 and Junior standing in a degree-granting college or by permission of instructor,
COM347,3,Junior standing in a degree-granting college or by permission of instructor,"A3, C1"
COM351,3,Junior standing in a degree-granting college or permission of instructor,
COM354,3,permission of instructor,
COM361,3,Junior standing in a degree-granting college or permission of instructor,
COM361H,3,junior standing in a degree-granting college or permission of instructor and 3.40 overall GPA,
COM375,3,COM 221 and sophomore standing,D1
COM381,3,Open to COM or PR majors or declared minors,
COM382,3,open to majors or declared minors in COM,
COM383,3,Open to majors or declared minors in COM,
COM385,3,"COM 100, or COM 202 or COM 221, majors and minors in the Sports Media and Communication (SMC) program, and junior standing in a degree-granting college or permission of instructor","B3, B2"
COM392,3,Junior standing in a degree-granting college or permission of instructor,
COM402,3,"MGT (BUS) 340, MGT (BUS) 341 or COM 251 and junior standing in a degree-granting college or permission of instructor",
COM406,4,COM/FLM 306,
COM410,3,Open to majors or declared minors in COM or permission of instructor,
COM411,3,COM 383 and junior standing in a degree-granting college or permission of instructor,
COM414,3,"COM 381 or 383, or majors and minors in sports media and communication, or film media, and junior standing in a degree-granting college or permission of instructor",
COM416,3,COM 383 and junior standing in a degree-granting college or permission of instructor,
COM417,4,junior standing or permission of instructor,
COM421,3,COM 221 and junior standing in a degree-granting college or permission of instructor,
COM422,3,COM 221 or COM 251 and junior standing in a degree-granting college or permission of instructor,
COM440,3,junior standing in a degree-granting college or permission of instructor,
COM441,3,COM 316A or COM 383 and junior standing in a degree-granting college or permission of instructor,
COM442,3,"Junior standing; open only to majors in Communication Studies, Public Relations, Journalism, and Writing",
COM445,3,COM 210 and junior standing in a degree-granting college or permission of instructor,
COM446,3,COM246 or COM346,
COM447,3,Junior standing or permission of instructor,
COM450,3,junior standing in a degree-granting college or permission of instructor,
COM455,3,seniors with varied backgrounds in science and communications,
COM460,3,junior standing,"C1, B4"
COM472,3,18 credits in communication studies and junior standing in a degree-granting college and permission of instructor,
COM477,6,18 credits in communication studies and junior standing in a degree-granting college and permission of instructor,
COM491,3,junior standing in a degree-granting college and permission of instructor,
COM492,3,junior standing in a degree-granting college and permission of instructor,
CPL202,3,,"A2, C1"
CPL391,3,CPL 410 and permission of instructor,
CPL392,3,CPL 410 and permission of instructor,
CPL397,3,CPL 410 and permission of instructor,
CPL410,3,"junior, senior, or graduate standing, or permission of instructor",
CPL434,3,sophomore standing (45 credits completed) and above,
CPL450,3,"junior, senior, or graduate standing, or permission of instructor",
CPL483,3,"junior, senior, or graduate standing, or permission of instructor",
CPL485,3,"junior, senior, or graduate standing, or permission of instructor",
CRG999,,,
CSC101,4,,"B3, B4"
CSC104,4,High school mathematics,B3
CSC106,4,Not open to students with credit in CSC courses at 200-level or above,B3
CSC106H,4,3.40 overall GPA or higher,B3
CSC110,4,C- or better in CSC 106 or approval of instructor,
CSC120G,4,,"A2, C3"
CSC192,4,permission of instructor,
CSC200,4,credit or concurrent enrollment in MTH 131 or 141,
CSC201,4,,B3
CSC203,3,MTH 243 ) or permission of instructor,
CSC210,4,"CSC106, or CSC201, or CSC211, or previous programming experience through permission of instructor",
CSC211,4,(C- or better in CSC 110) or (B or better in (CSC 106 or CSC 201 or CSC 200) and concurrent enrollment in CSC 110) or ELE 208 or permission of instructor,
CSC212,4,C- or better in CSC 211; and MTH 180 or Computer Engineering major,
CSC220,1,,
CSC222,3,,
CSC271,4,CSC 106,
CSC292,4,permission of instructor,
CSC301,4,CSC 212,
CSC305,4,CSC 212,D1
CSC310,4,"CSC201 or CSC211 or equivalent, or permission of instructor",
CSC311,4,CSC 110 and 211,
CSC320,4,"CSC110 or LTI110(DSP110), or must be in a degree-granting college",
CSC340,4,"(MTH 180 or MTH 141) and CSC 212, and student must be admitted to a degree-granting college",
CSC372,4,CSC271/COM271 and junior standing or permission of instructor,
CSC392,4,permission of instructor,
CSC399,4,CSC 211 or 372,"B2, D1"
CSC402,4,"CSC 301, and student must be admitted to a degree-granting college",
CSC406,4,"CSC 212 and either MTH 215 or MTH 362, and student must be admitted to a degree-granting college",
CSC411,4,CSC 212 and student must be admitted to a degree-granting college,
CSC412,4,CSC 212 and student must be admitted to a degree-granting college,
CSC415,4,"CSC 411 or ELE 305, and student must be admitted to a degree-granting college",
CSC417,3,"((ELE 205 or 208 or CSC 211), and (ELE 436 or MTH 451 or ISE 311 (411))), or permission of instructor",
CSC418,4,ELE 208 or MTH 362 or MTH 451 or ISE 311 (411) or junior or senior standing in computer engineering or computer science or permission of instructor,
CSC436,4,"CSC 212, and student must be admitted to a degree-granting college",
CSC440,4,CSC 212 and (CSC 340 or MTH/CSC 447) and student must be admitted to a degree-granting college,
CSC445,4,CSC 340 or CSC/MTH 447 and student must be admitted to a degree-granting college,
CSC447,3,"junior standing or better in physical or mathematical sciences, or in engineering, or permission of instructor",
CSC450,4,CSC 212 and MTH 215 and 243,
CSC451,3,"Any one of PHL 101, CSC 340, CSC/MTH 447, or MTH 180, or permission of instructor",
CSC461,4,CSC 310 and MTH 215,
CSC462,4,CSC 305,
CSC477,4,Advanced standing in computer science and departmental approval,
CSC491,4,permission of instructor,
CSC492,4,permission of instructor,
CSC493,4,permission of instructor,
CSC499,4,advanced standing in computer science and departmental approval,
CSF102G,4,,"C2, B3"
CSF202,4,"CSC110 or CSC211, earned at least 36 credits, or by permission of instructor",
CSF410,4,"B or better in CSF 202 and cumulative GPA of 2.7, or by permission of instructor",
CSF412,4,CSF 410,
CSF430,4,C- or better in CSF 202 or permission of instructor,
CSF432,4,"Minimum cumulative GPA of 2.7 and B or better in CSF 202, or by permission of instructor",
CSF434,4,CSF 432,
CSF438,4,CSF 432,
CSF462,4,CSC 305,
CSV301,3,"sophomore standing or above, or permission of instructor",
CSV302,4,"sophomore standing or above, or permission of instructor",
CSV302H,4,Must have a 3.40 overall GPA,
CSV303,4,"sophomore standing or above, or permission of instructor",
CSV306,3,Junior Standing,
CSV400,0,permission of instructor,
CVE205,1,EGR 106 and MTH 142,
CVE220,3,MCE 262,
CVE230,1,credit or concurrent enrollment in CVE 220,
CVE250,3,EGR 106,
CVE323G,3,(EGR 106 and MTH 243) or permission of instructor,"A1, C1"
CVE323GH,3,3.40 overall GPA and (EGR 106 and MTH 243) or permission of instructor,"A1, C1"
CVE325G,3,MCE 354 or CHE 347 or permission of instructor,"A1, C2"
CVE334,3,CVE 220,
CVE346,3,"At least a 2.00 (C) average in MTH 141, MTH 142, PHY 203, PHY 204, and CHM 101",
CVE347,3,CVE 346,
CVE348,1,credit or concurrent enrollment in 347,
CVE353,3,CVE 220,
CVE354,3,CVE220,
CVE355,1,credit or concurrent enrollment in CVE 354,
CVE370,3,"MCE 354 or equivalent and at least a 2.00 (C) average in MTH 141, MTH 142, PHY 203, PHY 204, and CHM 101",
CVE374,3,"MTH 243 or permission of chairperson and at least a 2.00 (C) average in MTH 141, MTH 142, PHY 203, PHY 204, and CHM 101",
CVE375,1,"MCE 354, CVE 374, and credit or concurrent enrollment in CVE 370",
CVE381,3,"CVE 220 and at least a 2.00 (C) average in MTH 141, MTH 142, PHY 203, PHY 204, and CHM 101",
CVE382,1,credit or concurrent enrollment in 381,
CVE400,1,Civil engineering major with senior standing,
CVE422,3,OCE 421,
CVE442,,CVE 347 or permission of instructor,
CVE443,3,CVE 346 or permission of instructor,
CVE445,3,CVE 347 or permission of instructor,
CVE453,3,CVE 354 or equivalent,
CVE455,3,CVE 354 or permission of instructor,
CVE460,3,CVE 354 or permission of instructor,
CVE465,3,CVE 354 or permission of instructor,
CVE470,3,CVE 370 or 374 or permission of instructor,
CVE471,3,CVE 374 or permission of instructor,
CVE472,3,Senior level engineering student,
CVE474,3,CVE 374 or permission of instructor,
CVE475,3,CVE 370 or permission of instructor,
CVE477,3,senior standing undergraduate from any engineering program or permission of instructor,
CVE480,3,one semester of general chemistry (CHM 101 or 103),
CVE482,4,permission of instructor,
CVE483,3,CVE 381 or permission of instructor,
CVE484,4,"GEO 483 or CVE 588 or NRS 510, or permission of instructor",
CVE491,6,permission of chairperson,
CVE492,6,permission of chairperson,
CVE493,6,junior standing in civil engineering and permission of the department chair,
CVE497,2,"credit or concurrent enrollment in CVE 346, 354, 374, and 381",
CVE498,3,"Credit or concurrent enrollment in CVE 370, and 497",D1
DSP101,1,,
DSP102,1,,
DSP103,1,,
DSP181G,3,,A1
DSP220,1,,
DSP310,4,"CSC201 or CSC211 or equivalent, or permission of instructor",
DSP393G,3,Pre: STA 308 or STA 409 or BAI 210; STA 305 or LTI/DSP 110; and MTH 215,"B3, D1"
DSP404,3,"junior, senior, or graduate standing","A4, D1"
DSP439,3,"junior standing, MTH 131 or 141",
DSP441,4,"MTH 215; and STA 409, or STA 411, or STA 412; or permission of instructor",
DSP461,4,CSC 310 and MTH 215,
DSP477,4,"Junior standing, data science majors, and permission of instructor",
DSP490,4,"(STA 411 or 412) and STA 441, or permission of the instructor",
DSP499,4,Junior standing or above and data science majors only,
EAH101,3,,"B2, C2"
EAH490,3,"EAH101, and junior standing","C2, D1"
ECN100,3,,
ECN100H,3,Must have a 3.40 overall GPA,
ECN201,3,,A2
ECN201H,3,overall gpa of 3.40,A2
ECN202,3,ECN 201 or ECN 201H or EEC 105 or equivalent,"A2, C1"
ECN202H,3,3.40 overall gpa and ECN 201 or ECN 201H or EEC 105 or equivalent,"A2, C1"
ECN305,3,"ECN 201, 202",
ECN306,3,"ECN 201 and credit or concurrent enrollment in ECN 202, and MTH 103 or 111 or 131 or 141 or BAI (BUS) 111",
ECN323,3,"ECN 201, 202 and MTH 131 or 141",
ECN324,3,"ECN 201, 202 and MTH 131 or 141",
ECN327,3,"ECN 202 or 590, and MTH 103 or 111 or 131 or 141 or BAI (BUS) 111, or permission of instructor",
ECN328,3,ECN 201 or 201H or EEC 105; MTH 103 or 111 or 131 or 141 or BAI (BUS) 111,
ECN333,4,ECN 201,
ECN334,3,ECN 201 and 202 or permission of instructor,
ECN335,3,ECN 201 and 202 or permission of instructor,
ECN337,3,ECN 201 or 202 or permission of instructor,
ECN338,3,ECN 100 or 201 or permission of instructor,
ECN342,3,ECN 201 or 202 or permission of instructor,
ECN344,3,ECN 100 or 202 or permission of instructor,
ECN351,3,ECN 201 or 202 or permission of instructor,
ECN352,3,ECN 201 or 202 or permission of instructor,
ECN358,3,"ECN 201, ECN 202, and PSC 116G",
ECN360,3,ECN 201,
ECN363,3,ECN 201 or 202 or permission of instructor,
ECN363H,3,"3.40 overall gpa, ECN 201 or 202 or permission of instructor",
ECN368,3,"ECN 201 and 202, or permission of instructor",
ECN375,3,"ECN 201 and 202 and MTH 131 or 141, or permission of instructor",
ECN376,4,"ECN 201, 202, and 306; and MTH 103 or 111 or 131 or 141 or BAI (BUS) 111",
ECN381,3,ECN 202 or permission of instructor,
ECN381H,3,"ECN 202, 3.40 overall GPA, or permission of instructor",
ECN386,3,ECN 100 or 201 or permission of instructor,"C3, B1"
ECN390,4,ECN 201 or permission of instructor,
ECN399G,3,,A2
ECN415,3,,
ECN445,3,For economics majors only,D1
ECN450,3,"EEC 310, ECN 328, MKT 366H, or MKT 367, or permission of instructor",
ECN480,3,permission of instructor,
EDC102,3,,"C3, B4"
EDC102H,3,Must have a 3.40 overall GPA,"C3, B4"
EDC103G,3,,"B4, C3"
EDC150G,3,,"C1, B2"
EDC203,1,,
EDC204,1,EDC 203,
EDC205,3,,
EDC216,3,"Admission to the College of Education or enrollment in the Early Childhood Education Program, or by permission of instructor",
EDC220,3,,
EDC230,3,,
EDC250,1,,
EDC278,3,sophomore standing or permission of instructor,
EDC280,1,,
EDC281,1,,
EDC282,1,,
EDC300,3,"concurrent enrollment in EDC 302, admission to the teacher education program by the start of semester",
EDC302,1,"concurrent enrollment in EDC 300, admission to the teacher education program by the start of semester",
EDC306,4,,"A2, C1"
EDC307,3,"Concurrent enrollment in EDC 308, admission to the teacher education program at the start of the semester",
EDC308,3,"concurrent enrollment in EDC 307, admission to the College of Education or Admission to the Master of Education program or permission of the instructor",
EDC310,3,admission to the teacher education program and PSY 113; or permission of instructor,
EDC312,3,,"A2, B4"
EDC314,3,"concurrent enrollment in EDC 315, admission to the teacher education program by the start of semester",
EDC315,3,"Concurrent enrollment in EDC 314, admission to the College of Education or Admission to the Master of Education program or permission of the instructor",
EDC316,3,"Admission to the College of Education or the Early Childhood Education Program, or by permission of instructor",
EDC323,3,"Admission to the College of Education or the Early Childhood Education Program, or by permission of instructor",
EDC325,3,,
EDC326,4,Admission to the Early Childhood Education Teacher Certification program or permission of the instructor; Admission to the Early Childhood Care and Education for Working Professionals or permission of the instructor,
EDC328,3,"Admitted to Early Childhood Education program or accelerated Early Childhood Care & Education program, and HDF200 or PSY 232, or by permission of instructor",
EDC330,3,,
EDC331,1,EDC 312 or 512 and concurrent enrollment in EDC 371,
EDC332,1,"EDC 371, 331, and concurrent enrollment in 448 and 402",
EDC336,4,EDC 326 and acceptance into the Early Childhood Certification Program or permission of the instructor; Admission to the Early Childhood Care and Education for Working Professionals or permission of the instructor,
EDC350,1,"Concurrent enrollment in EDC 426, Admission to the Early Childhood Certification Program; Admission to the Early Childhood Care and Education for Working Professionals; or permission of the instructor",
EDC368,3,completion of math general education requirement,
EDC371,3,"EDC 312 or 512, and concurrent enrollment in EDC 331 or 400",
EDC400,3,"EDC 312 or 512 and concurrent enrollment in EDC 371 and 331 for secondary education students; EDC 312 or 512 and concurrent enrollment in EDC 453, 454, and 331 for elementary education students",
EDC401,3,Acceptance into teacher education program or permission of instructor,
EDC402,3,acceptance into a teacher preparation program or teacher certification,
EDC407,3,,
EDC410,3,"credit or concurrent enrollment in EDC 310, 314, HPE major or MATCP in HPE program, or permission of instructor",
EDC411,3,"EDC 410, 368 or permission of instructor",
EDC415,3,"EDC 448, 402, 332, and concurrent enrollment in 430 and 431 for secondary education students; concurrent enrollment in 460 for elementary education students",
EDC421,3,"Admission into the Early Childhood Education Teacher Certification Program, Early Childhood Care and Education for Working Professionals or permission of the instructor",
EDC423,3,"Acceptance into a teacher preparation program or teacher certification, and prior or concurrent enrollment in EDC 312 or 512; or permission of instructor",
EDC424,3,"Elementary education majors: EDC 312 or 512, and 423; Early childhood education majors: EDC 421; Non elementary or early childhood education majors: graduate standing or permission of instructor;Early Childhood Care and Education majors: admission and EDC 421 or permission of instructor",
EDC426,3,"EDC 326, EDC 336, EDC 421, and admission to the Early Childhood Certification Program; Admission to the Early Childhood Care and Education for Working Professionals or permission of the instructor; Concurrent enrollment in EDC 350",
EDC427,3,"Acceptance into Elementary and Special Education certification track, or permission of instructor",
EDC430,3,"EDC 448, 402, 332 and concurrent enrollment in EDC 431",
EDC431,3,,
EDC435,3,junior standing or permission of instructor,
EDC436,3,"Admission to the College of Education or the Early Childhood Education Program, or by permission of instructor",
EDC440,3,"EDC 410, intermediate level swimming ability, admission to the teacher education program, or permission of instructor",
EDC441,3,sophomore standing,
EDC448,3,"331 or 400, 371 and concurrent enrollment in 332 and 402",
EDC449,3,acceptance into the English education program or permission of instructor,
EDC452,3,Acceptance into the elementary education program,
EDC453,3,"EDC 102, 250 and 312/512 or concurrent enrollment; acceptance in the elementary education program and concurrent enrollment in EDC 423, 452, and 454",
EDC454,1,"EDC 102, 250, and 312/512 or concurrent enrollment; acceptance in the elementary education program; concurrent enrollment in EDC 423 and 453",
EDC455,3,"Acceptance into the elementary program; EDC424, EDC456, EDC457, EDC458, EDC459, and completed or concurrent enrollment in EDC402, EDC460, and EDC462",
EDC456,3,"acceptance into the elementary education program; EDC423, EDC452, EDC453, EDC454; Concurrent enrollment in EDC424, EDC457, EDC458, EDC459",
EDC457,3,"Acceptance into the elementary education program, completed EDC423, EDC452, EDC453, EDC454, and concurrent enrollment in EDC424, EDC456, EDC458 and EDC459",
EDC458,3,,
EDC459,1,"EDC 453, 454, acceptance into the elementary education program, and concurrent enrollment in 456, 457, and 458",
EDC460,4,"EDC424, EDC456, EDC457, EDC458, EDC459, acceptance into the elementary education program, taken or concurrent enrollment in EDC402, and concurrent enrollment in EDC455 and EDC462",
EDC461,3,Admission to early childhood education program and EDC 336; Admission to Early Childhood Care and Education program and EDC 336; or permission of the instructor,
EDC462,3,For Elementary Education Majors only,
EDC464,3,Acceptance into Elementary and Special Education certification track,
EDC466,3,EDC 464,
EDC478,3,permission of director,
EDC479,3,permission of director,
EDC480,6,Concurrent enrollment in EDC 481,
EDC481,2,Concurrent enrollment in EDC 480,
EDC483,12,completion of youth health and physical activity studies and/or health and physical education courses; minimum cumulative 2.5 GPA,
EDC484,12,"methods course(s) of secondary, middle level, elementary, early childhood, music, and world languages education",
EDC485,3,Concurrent enrollment in EDC 484 or 486 or 487 or permission of director,D1
EDC486,6,methods courses of department,
EDC487,6,methods courses of department,
EDC490,6,Concurrent enrollment in EDC 491,
EDC491,1,Concurrent enrollment in EDC 490,
EDC920,3,teacher certification,
EDC921,3,certified teacher,
EDC922,3,certified teacher,
EDC923,3,certified teacher,
EDS400,2,Acceptance into Elementary and Special Education certification track,
EDS401,2,Acceptance into Elementary and Special Education certification track,
EDS403,3,Acceptance into Elementary and Special Education certification track,
EDS405,1,Acceptance into Elementary and Special Education certification track,
EDS406,1,Acceptance into Elementary and Special Education certification track,
EEC105,3,,A2
EEC205,3,EEC 105,
EEC234G,3,,A1
EEC310,3,EEC 105 or ECN 201,
EEC320,3,MAF 100 or EEC 105 or permission of the instructor,
EEC345G,3,EEC 105 or ECN 201 or permission of instructor,"C2, B4"
EEC350G,3,EEC 105 or ECN 201 or permission of instructor,A2
EEC352G,3,EEC 105 or ECN 201 or permission of instructor,A2
EEC355,3,"EEC 105 or ECN 201, or permission of instructor","B3, B4"
EEC430,3,EEC 105 or ECN 201 or permission of instructor,
EEC432,3,EEC 205 or ECN 201,"D1, B4"
EEC440,3,EEC 105 or permission of instructor,
EEC450,3,EEC 105 or ECN 201 or permission of instructor,
EEC491,3,permission of chairperson,
EEC492,3,permission of chairperson,
EEC497,3,EEC 105,
EGR105,1,,A4
EGR106,2,MTH 141 or concurrent registration in MTH 141,A4
EGR106H,2,MTH 141 or concurrent registration in MTH 141 and a 3.40 overall GPA,A4
EGR120G,3,,C1
EGR201,1,,
EGR213G,3,MTH 111 or permission of instructor,"A1, C2"
EGR310,3,By permission of instructor,"B2, B4"
EGR313,3,MTH 244 or permission of instructor,
EGR316G,3,"sophomore standing, PHL, ISE, or MCE major, or permission of instructor","A3, C1"
EGR316GH,3,"must have a 3.40 overall GPA, sophomore standing, and PHL, ISE, or MCE major, or permission of instructor","A3, C1"
EGR325,3,ECN 201,
EGR326,3,EGR 325,
EGR404,3,Permission of instructor,
EGR412,3,any 400-level course in Spanish and senior standing in an approved engineering program,
EGR413,3,CHN 306 (or EGR 306) or permission of instructor,
EGR425,3,Senior standing or permission of instructor,
EGR451,3,Students enrolling in this course should have taken GER 301 and GER 302 or equivalents and junior standing,
ELE101,1,(credit or concurrent enrollment in MTH 111 or 141) or permission of instructor,
ELE108G,3,,A1
ELE201,3,(credit or concurrent enrollment in MTH 141) or permission of instructor,
ELE202,1,credit or concurrent enrollment in 201,
ELE205,2,(credit or concurrent enrollment in ELE 206 and MTH 141) or permission of instructor,
ELE206,1,credit or concurrent enrollment in ELE 205,
ELE208,3,(credit or concurrent enrollment in ELE 209 and MTH 141) or permission of instructor,
ELE209,1,credit or concurrent enrollment in ELE 208,
ELE212,4,"(ELE 201, PHY 204, (credit or concurrent enrollment in MTH 244 or 362), and (at least a 2.00 (C) average in MTH 141, MTH 142, PHY 203, and PHY 204)) or permission of instructor",
ELE215,1,"ELE 202, credit or concurrent enrollment in 212; or permission of instructor",
ELE220,3,PHY 204 or permission of instructor,
ELE301,3,(ELE 201 and 202 and 212 and 215 and (credit or concurrent enrollment in 302)) or permission of instructor,
ELE302,1,credit or concurrent enrollment in ELE 301,
ELE305,3,(ELE 201 and ELE 212 and (ELE 205 or ELE 208)) or permission of instructor,
ELE313,3,"(ELE 212, EGR 106, (MTH 244 or 362), and ((at least a 2.00 (C) average in 212, (MTH 244 or 362), and PHY 204)) or permission of instructor",
ELE314,3,ELE 313 or permission of instructor,
ELE322,4,(ELE 212 and MTH 243 and  PHY 204) or permission of instructor,
ELE331,4,(ELE 212 and MTH 243) or permission of instructor,
ELE338,3,"ELE 201, 212, 215, (EGR 106 or permission of instructor), (credit or concurrent enrollment in ELE 339), and ((at least a 2.00 (C) average in 201, 212, 215, MTH 142, and PHY 204) or permission of instructor",
ELE339,1,(credit or concurrent enrollment in ELE 338),
ELE343,3,(((ELE 338 and 339) or 342) and (credit or concurrent enrollment in 344)) or permission of instructor,
ELE344,1,Credit or concurrent enrollment in ELE 343,
ELE391,4,permission of instructor,
ELE392,4,permission of instructor,
ELE393,4,permission of instructor,
ELE400,1,((ELE 205 or 208 or BME 207) and ELE 212) or permission of instructor,
ELE403G,3,MTH 142 and junior standing or permission of Instructor,"B2, B2, D1"
ELE405,3,"(ELE 301,  305 and (credit or concurrent enrollment in ELE 406)), or permission of instructor",
ELE406,1,Credit or concurrent enrollment in ELE 405,
ELE408,3,"(ELE 305 and 313, ((338 and 339) or 342) and (credit or concurrent enrollment in ELE 409)), or permission of instructor",
ELE409,1,Credit or concurrent enrollment in 408,
ELE423,3,"(ELE 313, 322, 338, 339, and (credit or concurrent enrollment in 424)) or permission of instructor",
ELE424,1,Credit or concurrent enrollment in ELE 423,
ELE425,3,((ELE 212 or 220 or OCE 206) and PHY204 and MTH (244 or 362)) or permission of instructor,
ELE435,3,((ELE 215 or (338 and 339) or 342) and 314 and EGR 106 and (credit or concurrent enrollment in ELE 436)) or permission of instructor,
ELE436,1,credit or concurrent enrollment in ELE 435,
ELE437,3,"((ELE 205 or 208 or CSC 211), and (ELE 436 or MTH 451 or ISE 311 (411))), or permission of instructor",
ELE438,4,ELE 208 or MTH 362 or MTH 451 or ISE 311 (411) or junior or senior standing in computer engineering or computer science or permission of instructor,
ELE446,3,((ELE 212 or 220 or OCE 206) and ELE 313 and MTH (244 or 362)) or permission of instructor,
ELE447,3,(ELE 202 and ((338 and 339) or 342) and 313 and PHY 204 and (credit or concurrent enrollment in ELE 448)) or permission of instructor,
ELE448,1,credit or concurrent enrollment in ELE 447,
ELE456,3,PHY 204 and permission of instructor,
ELE457,3,"((ELE 205 or ELE 208 or BME 207) and ELE 314) or MCE 366, or permission of instructor",
ELE458,3,((ELE 205 or 208 or BME 207) and (credit or concurrent enrollment in ELE 314) and ((ELE 338 and 339) or (BME 360 and 361)) and (credit or concurrent enrollment in ELE 459)) or permission of instructor,
ELE459,1,credit or concurrent enrollment in 458,
ELE470,3,basic course in C programming; basic course in microcomputers; at least junior standing; permission of instructor,
ELE480,3,"(ELE 205 or 208) and ELE 313 and ((338 and 339) or 342) and ((at least a 2.0 (C) average in 212, 313, and 338)) and permission on instructor",D1
ELE481,3,"(ELE 205 or 208) and 313 and ((338 and 339) or 342) and ((at least a 2.0 (C) average in 212, 313, and 338)) and permission of instructor",
ELE491,4,permission of instructor,
ELE492,4,permission of instructor,
ELE493,4,permission of instructor,
ELS112,3,,
ELS122,3,,
ELS322,3,"University set minimum scores for English proficiency tests, or ESL 122",
ELS412,3,University set minimum scores for English proficiency tests,
ENE101,3,,"B2, A3"
ENE202,3,,C1
ENE310,3,"Students in EE degree program, or by permission of instructor",
ENE458,3,Junior standing or above; for majors only,
ENE484,3,"ENE 101, 102, 310, 326, and 332",
ENE485,3,Senior standing; ENE majors only,D1
ENG105,4,,"A3, B1"
ENG110,4,,"A3, B1"
ENG120,4,,"A4, B2"
ENG121,4,,"A3, C1"
ENG122,4,,"A3, C3"
ENG160,4,,"A3, C2"
ENG201,4,,
ENG205A,4,,
ENG205B,4,,
ENG205D,4,,
ENG210,4,,C3
ENG211,4,,"A3, C3"
ENG221,4,,"A3, C3"
ENG241,4,,
ENG242,4,,"A3, C3"
ENG243,4,,"A3, B1"
ENG243H,4,3.40 overall gpa,"A3, B1"
ENG245,4,,"A3, B4"
ENG245H,4,Overall GPA of 3.4 or higher,"A3, B4"
ENG247,4,,"A3, C3"
ENG248,4,,"A3, C3"
ENG252,4,,"A3, C2"
ENG260,4,,"A3, B1"
ENG263,4,,"A3, B1"
ENG264,4,,"A3, B1"
ENG265,4,,"A3, B1"
ENG265H,4,must have a 3.40 overall GPA,"A3, B1"
ENG280,4,,"A3, B1"
ENG280H,4,Must have a 3.4 GPA or higher,"A3, B1"
ENG302,4,,"A3, B4"
ENG304,4,,"A3, B4"
ENG305A,4,,
ENG305B,4,,
ENG305C,4,,
ENG305D,4,,
ENG315,4,Sophomore standing or by permission of instructor,
ENG320,4,,"C3, D1"
ENG321,4,,"A3, C3"
ENG333,4,,"A3, C3"
ENG338,4,,
ENG339,4,,
ENG345,4,,
ENG347,4,,
ENG348,4,,
ENG350,4,,
ENG352,4,,"A3, C3"
ENG355,4,Junior or senior standing,D1
ENG356,4,Junior or senior standing,
ENG359,4,Junior or senior standing,"A3, B4"
ENG362,4,,
ENG364,4,,
ENG367,4,,
ENG368,4,,"A3, B4"
ENG374,4,,
ENG376,4,,
ENG377,4,,
ENG378,4,,
ENG379,4,,
ENG382,4,,
ENG383,4,,
ENG385,4,,"A3, B4"
ENG388,4,,"A3, C3"
ENG394,4,permission of chairperson,
ENG395,4,permission of chairperson,
ENG396,4,,
ENG405,4,"ENG 205 and 305, or two ENG 305 courses in different genres (ENG 305A, 305B, 305C, or 305D)",
ENG410,4,two 300- or 400-level ENG courses (excluding 477),"B4, D1"
ENG446,4,,
ENG447,4,,
ENG450G,4,,"D1, C3"
ENG451,4,junior standing or permission of instructor,"A4, C2"
ENG469,4,,
ENG472,4,,
ENG477,8,"20 credits in English, permission of chairperson, and prior completion of or concurrent enrollment in ITR 303 or 304",
ENG478,4,,
ENG479,4,,
ENG480,4,,
ENG482,4,,
ENG486,4,,
ENG489,4,,
ENG492,3,Junior or senior standing or permission of the instructor,"D1, B1"
ENG999,0,graduate standing,
ENT286,3,,
ENT350,4,BIO 102 or permission of instructor,
ENT385,3,"BIO102 and BIO101, or permission of instructor",
ENT388,3,"BIO 101 and 102, or permission of instructor",
ENT390,3,,
ENT390H,3,Overall GPA of 3.4 or higher,
ENT455,3,PLS 200 or ENT 385 or permission of instructor,
EVS366,2,permission of instructor; by override only,
EVS482,4,permission of instructor,
EVS484,4,"GEO 483 or CVE 588 or NRS 510, or permission of instructor",
FIN220,3,"ECN 201 or ECN 201H or EEC 105, and ACC (BUS) 201or 201H, and BAI (BUS) 210 or STA 308",
FIN220H,3,Must have a 3.40 overall GPA,
FIN321,3,FIN (BUS) 220  (with a grade C or above),
FIN322,3,"ECN 201 or EEC 105, ACC (BUS) 201, BAI (BUS) 210 or STA 308",
FIN323,3,ECN 201 or EEC 105; and junior standing in a degree granting college,
FIN335,3,ACC (BUS) 202 and BAI (BUS) 210 or STA 308,
FIN336,3,FiN (BUS) 220 or 220H,
FIN337,3,FIN (BUS) 220 or 220H,
FIN338,3,"ECN 201 or EEC 105 and ACC (BUS) 202, FIN (BUS) 220 or 220H",
FIN390,1,,
FIN412,3,,
FIN420,3,"BAI (BUS) 211 or BAI 311, FIN (BUS) 220 or 220H or permission of instructor",
FIN421,3,FIN (BUS) 220 (with a grade C or above) or permission of instructor,
FIN422,3,FIN (BUS) 321,
FIN423,3,FIN (BUS) 321,
FIN424,3,"FIN (BUS) 220 or 220H, and FIN (BUS) 321",
FIN425,3,"FIN (BUS) 220 or 220H, and FIN (BUS) 321, or permission of instructor",
FIN426,3,"FIN (BUS) 220 or 220H, and FIN (BUS) 321, or permission of instructor",
FIN427,3,FIN (BUS) 220 or 220H,
FIN428,3,FIN (BUS) 220 or 220H or permission of instructor,
FIN429,3,"FIN (BUS) 220 or 220H, and FIN (BUS) 321",
FIN430,3,FIN (BUS) 220 or 220H,
FIN431,3,,
FIN432,3,"FIN 220 (BUS 220); FIN 321 (BUS 321); FIN 322 (BUS 322), or permission by instructor",
FIN433,3,,
FIN434,3,,
FIN435,3,"FIN (BUS) 220 or 220H, FIN (BUS) 335, and FIN (BUS) 337, or permission of instructor",
FIN437,3,B or better in FIN321 and minimum GPA of 3.2,
FIN491,3,must be a student in the College of Business with more than 75 credits and permission of instructor,
FIN492,3,must be a student in the College of Business with more than 75 credits and permission of instructor,
FIN493,6,"admission into internship program, and permission of instructor",
FLM100,3,,"A4, C2"
FLM101,4,,"A4, C2"
FLM101H,4,Must have a 3.40 overall GPA,"A4, C2"
FLM110,4,,
FLM203,4,,"A4, B1"
FLM204,4,,"A4, C2"
FLM205,4,,"A4, C2"
FLM206,4,,"A4, C2"
FLM220,4,FLM 110 or permission of instructor,
FLM225,4,,
FLM230,4,FLM 110,
FLM312,4,sophomore standing,
FLM316,4,FLM 110 and permission of instructor,
FLM330,4,FLM 110 and FLM 230,
FLM344,4,COM 342 or FLM 351 or FLM 445 or permission of instructor,
FLM351,4,FLM 110 and sophomore standing or permission of instructor,
FLM352,4,sophomore standing or permission of instructor,
FLM406,4,COM/FLM 306,
FLM417,4,junior standing or permission of instructor,
FLM444,4,junior standing or permission of instructor; FLM 101 and 204 or 205,
FLM445,4,"junior standing or permission of instructor, and either ART 215 or COM 341 or COM 342 or JOR 331 or FLM 351",
FLM451,4,junior standing or permission of instructor,"A4, C2"
FLM477,6,permission of faculty advisor,
FLM491,6,Acceptance of project by faculty member and approval by program director,
FLM495,4,FLM101 and FLM203 or ENG302 or permission of instructor,"B1, D1"
FLM496,4,"FLM 110, FLM 220, FLM 351, and junior standing or permission of instructor",D1
FOS392,3,,
FRN101,3,no prior French is required,"C2, A3"
FRN102,3,,"A3, C2"
FRN103,3,,"A3, C2"
FRN104,3,,"C2, A3"
FRN120G,3,,"A3, C3"
FRN151,3,,"A3, C2"
FRN152,3,,C2
FRN201,1,FRN 104 or equivalent or permission of instructor,
FRN204,3,,"C2, A3"
FRN207,3,,"C2, A3"
FRN304,3,FRN 204,"B4, C3"
FRN307,3,FRN 207,"C2, A3"
FRN309,3,FRN 204 or permission of instructor,"C1, A3"
FRN310,3,FRN 204 or permission of instructor,
FRN315,3,FRN 200-level French course or equivalent or permission of instructor,
FRN316,3,FRN 200-level French course or equivalent or permission of instructor,
FRN318,1,permission of instructor,
FRN320,3,,"C2, A3"
FRN350,3,FRN 204 and FRN 207 or permission of the instructor,"B2, D1"
FRN351,3,"FRN 204 and 207, or permission of instructor","D1, B2"
FRN397,3,Acceptance of a project by a faculty member and approval of section head,
FRN412,3,FRN 309 or 310 or permission of instructor,
FRN474,3,FRN 309 or 310 or permission of instructor,
FRN480,3,"junior standing, credit or concurrent enrollment in at least one 300-level French language course",
FRN497,3,acceptance of a project by a faculty member and approval of section head,
FRN498,3,acceptance of a project by a faculty member and approval of section head,
GCH101G,4,,C1
GCH101GH,4,Must have a 3.4 GPA or higher,C1
GCH102G,4,,C3
GCH115,3,,"B4, C3"
GEG101,3,,
GEG104,3,,
GEG202,3,,"A2, C1"
GEO100G,3,,"A1, C2"
GEO103,,,"A1, B4"
GEO110,3,,"A1, B4"
GEO113,3,,A1
GEO120,3,,"A1, B4"
GEO200,4,,"B3, B4"
GEO204,4,GEO 103 or equivalent or permission of instructor,"A1, B1"
GEO210,4,GEO 103 or permission of instructor,B2
GEO234G,3,,A1
GEO271H,3,must  have a 3.40 overall GPA,"A1, B4"
GEO280,3,Credit or current enrollment in MTH 103 or 111,"A1, B3"
GEO305G,4,GEO 100 or 103 or GEO/OCG 110 or permission of instructor,D1
GEO320,4,"GEO 103, credit or concurrent enrollment in CHM 101 or 103",D1
GEO370,4,"GEO 103, PHY 111 and 185 or PHY 203 and 273",
GEO397,6,"GEO 103, 320, GEO major, approval of department chair",
GEO404,3,MTH 131 or MTH 141,
GEO405G,3,Permission of instructor,
GEO420,4,GEO 305G or GEO/MAF 280 or permission of instructor,
GEO422,4,GEO 305G or GEO/MAF 280 or permission of instructor,
GEO450,4,"GEO 210 and GEO 320, or permission of instructor",
GEO462,4,"GEO103 and CHM101 or CHM103, and one from GEO320 or CHM124 or CHM227",
GEO465,4,"GEO 103, PHY 112 or 204, and MTH 132 or 142; or consent of instructor",
GEO480,8,"GEO 210, 320, 370, and 450 recommended",
GEO482,4,permission of instructor,
GEO483,4,"GEO 103, 210, and MTH 131 or 141, or permission of instructor",
GEO484,4,"GEO 483 or CVE 588 or NRS 510, or permission of instructor",
GEO491,3,permission of instructor,
GEO497,4,"GEO103, declared GEO major or minor, and permission of instructor",
GEO499,3,senior standing and permission of instructor,
GEO920,3,teacher certification,
GER101,3,No prior German is required,"A3, C2"
GER102,3,Students enrolling in this course should have taken GER 101 or GER 111 or equivalent,"A3, C2"
GER111,4,No prior German is required,"A3, C2"
GER112,4,Students enrolling in this course should have taken GER 101 or GER 111 or equivalent,"A3, C2"
GER161,3,Not for major credit in German,
GER171G,3,,"C3, A4"
GER172,3,Not for major credit in German,B1
GER203,3,Students enrolling in this course should have taken GER 102 or GER 112 or equivalent,"A3, C2"
GER204,3,Students enrolling in this course should have taken GER 203 or GER 213 or equivalent,"A3, C1"
GER213,4,GER 102 or GER 112 or equivalent,"A3, C2"
GER214,4,Students enrolling in this course should have taken GER 203 or GER 213 or equivalent,"A3, C1"
GER215,6,Students enrolling in this course should have taken GER 204 or 214 or equivalent,
GER221,1,credit or concurrent enrollment in GER 203 (103) or 213 (113),
GER222,1,credit or concurrent enrollment in GER 204 (104) or 214 (114),
GER251,1,credit or concurrent enrollment in GER 203 or 213,
GER252,1,credit or concurrent enrollment in GER 204 or 214,
GER301,3,Students enrolling in this course should have taken GER 204 or GER 214 or equivalent,
GER302,3,Students enrolling in this course should have taken GER 204 or GER 214 or equivalent,"B2, C2"
GER315,6,Students enrolling in this course should have taken GER 301 and GER 302 or equivalents,
GER316,6,Students enrolling in this course should have taken GER 301 and GER 302 or equivalents,
GER321,1,Students enrolling in this course should have taken GER 204 or GER 214 or equivalent,
GER322,1,Students enrolling in this course should have taken GER 204 or GER 214 or equivalent,
GER331,3,"Students enrolling in this course should have taken GER 301 and GER 302 or equivalents, or permission of instructor","A3, B4"
GER332,3,"Students enrolling in this course should have taken GER 301 and GER 302 or equivalents, or permission of instructor",
GER351,1,Students enrolling in this course should have taken GER 204 or GER 214 or equivalent,
GER431,3,Students enrolling in this course should have taken GER 331 or GER 332 or have permission of section head,
GER451,3,Students enrolling in this course should have taken GER 301 and GER 302 or equivalents and junior standing,
GER452,3,Students enrolling in this course should have taken GER 301 and GER 302 or equivalents and junior standing,
GER491,6,acceptance of project by a faculty member and permission of section head,
GRK101,3,no previous Greek is required,"A3, C2"
GRK102,3,,"A3, C2"
GRK301,3,,"A3, C2"
GRK302,3,,"A3, C2"
GRK497,6,acceptance of project by faculty member and approval of chairperson,"A3, C2"
GWS150,3,,"A2, C3"
GWS150H,3,3.40 overall GPA,"A2, C3"
GWS210G,3,,"C3, A2"
GWS220,3,,"A1, B4"
GWS300,6,GWS 150 or 315 or permission of instructor,
GWS301,3,,
GWS305,1,GWS 150,
GWS306,1,GWS 305,
GWS308,3,sophomore standing,
GWS308H,3,3.40 overall gpa and sophomore standing,
GWS310,3,GWS 150 or HPR 110 or GWS 315 or permission of instructor,
GWS315,3,GWS 150 or permission of instructor,
GWS320,3,GWS 150 or permission of instructor,"D1, C1"
GWS325G,3,GWS 150 or permission of instructor,"A2, C2"
GWS330,3,,
GWS332,3,,
GWS340,3,,
GWS346,3,MGT (BUS) 341 recommended,
GWS350,3,,
GWS350H,3,3.40 overall gpa,
GWS351,3,,
GWS360,3,GWS 150,
GWS365,3,GWS 150 or permission of the instructor,
GWS370,3,GWS 150 or permission of instructor,
GWS373,3,,C3
GWS383,3,GWS 150 or permission by instructor,"A2, C2"
GWS385,4,,"A3, B4"
GWS386,3,ECN 100 or 201 or permission of instructor,
GWS387,3,HIS 180 is suggested but not required,
GWS388,4,,"A3, C3"
GWS400,3,GWS 310 or 315 or 320 and senior standing or permission of instructor,
GWS401,3,junior standing or permission of the instructor,
GWS410,1,GWS majors and minors in senior year,
GWS430,3,junior standing,
GWS441,4,PSC 113 or PSC 210 or PSC 310 or permission of instructor,"C3, D1"
GWS450,3,junior or senior standing,
GWS475G,3,"300-level coursework in sociology, anthropology, gender and women's studies, or health studies; or permission of the instructor","A2, C2"
GWS490,3,GWS 310 or 315 or 320 and senior standing or permission of instructor,
GWS490H,3,"GWS 315 or 310 or 320, and senior standing, and 3.40 or better overall GPA, or permission of instructor",
GWS492,3,Junior or senior standing or permission of the instructor,"D1, B1"
HDF130G,3,"Freshmen or sophomore standing, or permission of instructor",C3
HDF130GH,3,"Freshmen or sophomore standing, or permission of instructor",C3
HDF150,3,,"A2, C3"
HDF180,1,,
HDF200,3,,"A2, C3"
HDF201,3,,
HDF202,3,admission to the HDF or BIS program,
HDF205G,3,"HDF major, or by permission of instructor","A2, B4"
HDF208,3,,A2
HDF225,3,,"A2, B4"
HDF230,3,HDF major or permission of instructor,
HDF250,3,HDF major or permission of instructor,"A2, C3"
HDF306,3,HDF200; HDF major or Early Intervention Cert; or permission of instructor,
HDF308,3,HDF200 or PSY232; HDF major; or instructor permission,
HDF310,3,"HDF major and HDF201, or permission of instructor",
HDF312,3,"HDF major and HDF201, or by permission of instructor",
HDF314,3,"HDF major and HDF201, or by permission of instructor",
HDF318G,3,,"A2, B4"
HDF333,3,HDF 202,
HDF340,3,"Sophomore or Junior standing, or by permission of instructor",
HDF341,3,HDF 340 and sophomore standing,
HDF342,3,Completed or concurrent enrollment in HDF 340,
HDF343,3,HDF 340,
HDF352G,3,Junior or senior standing,"A2, C3"
HDF357,3,Junior standing in HDF or permission of instructor,
HDF381,1,HDF major and 75 credits,"D1, C1"
HDF400,3,"HDF 200 or PSY 232, and HDF 202",
HDF414,3,permission of instructor and HDF 190 or HDF 290,"D1, C1"
HDF418,3,completion of 24 or more credits,
HDF421,3,junior standing or above,
HDF430,3,HDF 202 and 230,
HDF431,3,HDF 202 or SOC 440,
HDF432,3,"HDF 200 or PSY 232, and HDF 202",
HDF434,3,junior standing in the major or permission of instructor and HDF 202,
HDF437,3,HDF 200 and 230 or SOC 212,
HDF440,3,HDF 202,"C1, A2"
HDF450,3,"HDF 230 and junior standing in HDF; or graduate standing, or permission of instructor",
HDF451,3,,
HDF456,3,credit or concurrent enrollment in HDF 455,
HDF460,3,"HDF 200 and HDF 202, or permission of instructor",
HDF472,3,,
HDF480,12,HDF 381 and concurrent enrollment in HDF 481; senior standing and permission of instructor,
HDF481,2,"HDF381, concurrent enrollment in HDF 480, senior standing in the major, and permission of instructor","D1, C1"
HDF495,3,"HDF200 or PSY232, and permission of instructor",
HDF496,3,Sophomore standing and permission of instructor,
HDF497,3,senior standing and permission of chairperson,
HDF498,3,senior standing and permission of chairperson,
HIS110,3,,"A3, B1"
HIS111,3,,
HIS112,3,,"A2, C2"
HIS113,,,
HIS114,3,,"A3, B1"
HIS114H,3,3.40 overall GPA or better,"A3, B1"
HIS115G,3,,"A3, C3"
HIS117,3,,"A3, B4"
HIS119G,3,,"A3, C1"
HIS119GH,3,Must have a 3.40 overall GPA,"A3, C1"
HIS121,3,,"A3, C2"
HIS130,3,,
HIS141,3,,"A3, C1"
HIS142,3,,"C3, A3"
HIS145,3,,"B4, C1"
HIS146,3,,"B4, C1"
HIS150,3,,"A3, C3"
HIS150H,3,3.40 overall GPA or better,"A3, C3"
HIS164,3,,"C2, A3"
HIS171,3,,"B1, C2"
HIS178,3,,"A3, C2"
HIS180,3,,"A3, C2"
HIS300,3,sophomore standing or permission of instructor,"A3, B1"
HIS301,3,sophomore standing or permission of instructor,
HIS302,3,sophomore standing or permission of instructor,
HIS304,3,Sophomore standing or permission of instructor,"D1, B4"
HIS305,3,Sophomore standing or permission of instructor,"A2, B1"
HIS308G,3,Sophomore standing or permission of instructor,"A2, B1"
HIS309,3,junior standing,
HIS310,3,sophomore standing or permission of instructor,"B4, B1"
HIS311,3,sophomore standing or permission of instructor,"B4, B1"
HIS318,3,Sophomore standing or permission of instructor,"A3, C2"
HIS327,,Sophomore standing or permission of instructor,"B1, B4"
HIS328,3,sophomore standing or permission of instructor,
HIS333,3,sophomore standing or permission of instructor,"B4, B1"
HIS335,3,sophomore standing or permission of instructor,
HIS336,3,"sophomore standing, or permission of instructor",
HIS337,3,sophomore standing or permission of instructor,
HIS339,3,Sophomore standing or permission of instructor,"C1, B4"
HIS340,3,Sophomore standing or permission of instructor,
HIS341,3,Sophomore standing or permission of instructor,"A3, C3"
HIS342,3,HIS 142 and sophomore standing,"B1, C3"
HIS344,3,sophomore standing or permission of instructor,
HIS346,3,Sophomore standing or permission of instructor,"C3, B1"
HIS349,3,Sophomore standing or permission of instructor,"A3, B4"
HIS350,3,permission of instructor,"B2, C1"
HIS352,3,sophomore standing or permission of instructor,"A3, C3"
HIS353G,3,Sophomore standing or instructor permission,"B1, C1"
HIS354,3,Sophomore standing or permission of instructor,"B4, C1"
HIS355,3,sophomore standing,"A3, C3"
HIS356,3,sophomore standing,
HIS357,3,sophomore standing or permission of instructor,"C3, B1"
HIS358,3,Sophomore standing or permission of instructor,"B1, A3"
HIS359,3,sophomore standing or permission of instructor,
HIS361,3,Sophomore standing or instructor permission,
HIS362,3,sophomore standing or permission of instructor,"B4, C1"
HIS363,3,sophomore standing or permission of instructor,"A3, B1"
HIS364,3,sophomore standing or permission of instructor,"C1, B4"
HIS365,3,Sophomore standing or permission of instructor,"C1, B4"
HIS366,3,HIS 150 or AAF 150 or HIS 142 and sophomore standing or permission of instructor,"C3, B1"
HIS373,3,,C3
HIS374,3,sophomore standing or permission of instructor,"A3, B1"
HIS375,3,sophomore standing or permission of instructor,"A3, B1"
HIS378,3,,"A3, C2"
HIS381,3,Sophomore standing or permission of instructor,
HIS382,3,Sophomore standing or permission of instructor,
HIS383,3,GWS 150 or permission by instructor,"A2, C2"
HIS385,3,sophomore standing or permission of instructor,
HIS387,3,HIS 180 is suggested but not required,
HIS388,3,sophomore standing or permission of instructor,
HIS389,3,sophomore standing or permission of instructor,
HIS390,3,Sophomore standing or permission of instructor,
HIS391,3,permission of chairperson,
HIS392G,3,,"A3, C3"
HIS396,6,permission of instructor,
HIS401,3,"junior, senior, or graduate standing in history or permission of instructor",
HIS441,3,"junior, senior, or graduate standing in history or permission of instructor",
HIS477,4,Junior or Senior Status or permission of the Chair,
HIS481,3,"junior, senior, or graduate standing in history or permission of instructor",
HIS490,3,"at least 3 credits of course work at the 300-level in history, anthropology or art history, or permission of instructor",
HIS495,3,"completion of HIS 401 or 441 or 481, with the same instructor, or permission of the department","D1, B4"
HLT101G,3,,"A2, C1"
HLT101GH,3,,"A2, C1"
HLT201,3,"HLT101G, for Public Health majors only",
HLT300,4,"Completion of HLT 100G or both HLT 101G and HLT 201 (grade C or better), junior standing and health studies major, or permission of the instructor","A2, B4"
HLT312,3,HLT 200 or HDF 357,
HLT313,3,"HLT 100G, or HLT 101G and HLT 201, or permission of instructor","D1, B4"
HLT320,3,HLT200 or HDF357 or COM221 or COM251 or COM210 or permission of instructor,
HLT350,3,"HLT 300 with a C or higher, or by permission of instructor for students of at least junior standing",
HLT360,3,"junior standing, Public Health majors only, or permission of instructor",
HLT400,3,HLT 300 and junior standing or permission of instructor,"C3, D1"
HLT401,3,Acceptance into teacher education program or permission of instructor,
HLT450,4,completion of PSY 200 or STA 307 or STA 308; completion of HLT 200 with a C or higher;  senior standing in health studies or permission of instructor,
HLT490,3,HLT 200 and HLT 450 and permission of director,
HLT491,3,HLT 200 and HLT 450 and permission of director,
HLT496,3,Junior standing and permission of instructor,
HPR100,3,Must be Honors Program New Admit or Honors Transfer Admit or CGPA 3.4 or above,"B2, C1"
HPR109,4,,
HPR124,4,Must have a 3.4 overall GPA,"A2, C1"
HPR126,4,Must have a 3.4 overall GPA,"A2, C3"
HPR131G,3,3.40 overall GPA or better,"A1, B2"
HPR135,3,3.40 overall or better GPA,"A1, C2"
HPR142,4,must have 3.40 overall GPA,"B1, B4"
HPR147,3,3.40 overall or better GPA,"A3, B1"
HPR183G,3,3.40 overall GPA,"C3, B4"
HPR216G,4,"GPA of 3.4 or above and one completed honors course, or permission of the director of the honors program","A3, C3"
HPR224G,4,"GPA of 3.4 or above and one completed honors course, or permission of the director of the honors program","A2, C1"
HPR226G,4,"GPA of 3.4 or above and one completed honors course, or permission of the director of the honors program","C3, A2"
HPR230G,4,GPA of 3.40 or better and one completed Honors course or permission of the director of the Honors Program,A1
HPR233,4,"GPA of 3.40 or better and one completed Honors course, or permission of the director of the Honors Program","A1, B4"
HPR301,4,GPA of 3.50 or better and permission of the Director of the Honors Program,
HPR302,4,GPA of 3.50 or better and permission of the Director of the Honors Program,
HPR316,4,3.40 GPA or better or permission of the director of the honors program,"C3, A3"
HPR344,4,3.40 GPA or better or permission of the director of the Honors Program,"A4, B1"
HPR346G,3,3.40 or better overall GPA,"B2, D1"
HPR347,4,3.4 overall GPA,"A3, B1"
HPR361,4,Overall 3.4 gpa or higher,"B2, B4"
HPR375,4,Overall GPA 3.40 or better,"A2, C2"
HPR391,4,,"B2, C1"
HPR392,3,3.40 over GPA or better,"C1, A2"
HPR397,4,3.40 GPA or better or permission of the director of the honors program,
HPR401,3,"permission of the director of the Honors Program, and overall GPA of 3.40 or better",D1
HPR402,3,"permission of the director of the Honors Program, and overall GPA of 3.40 or better",
HPR411,3,overall GPA 3.40 or better,
HPR412,4,overall GPA 3.40 or better,
HSA380,3,admission to the B,
HSA480,6,admission to the B,
INE140G,3,,A2
INE149,3,,
INE247,3,,
INE249,3,,C3
INE304G,3,,C1
INE315,3,,
INE315H,3,Must have 3.40 or better overall GPA,
INE316,3,INE (BUS) 315,
INE318,3,INE315 or permission of instructor,"A2, C2"
INE348,3,,
INE349,3,"INE (BUS) 149 and ACC (BUS) 201, or permission of instructor",
INE390,1,,
INE449,3,ACC (BUS) 201 or 201H and senior standing in the College of Business or permission of instructor; not open to students with credit in EEC 325,
INE491,3,must be a student in the College of Business with more than 75 credits and permission of instructor,
INE492,3,must be a student in the College of Business with more than 75 credits and permission of instructor,
INE493,6,"admission into internship program, and permission of instructor",
ISE240,3,CHM 101,
ISE241,1,Credit or concurrent enrollment in ISE 240,
ISE261G,3,,"A1, B4"
ISE304,3,,
ISE311,3,MTH 142 or permission of instructor,
ISE312,3,ISE 311 or STA 409 or MTH 451 or permission of instructor,
ISE325,3,MTH 141,
ISE332,3,MTH 362 or 215 or permission of instructor,
ISE333,3,ISE 311 (411) and MTH 362 or MTH 244 or permission of instructor,
ISE334,3,ISE 311 (411) or permission of instructor,
ISE391,3,junior standing and permission of instructor,
ISE392,3,junior standing and permission of instructor,
ISE401,3,"ISE 240, 312 (412), and 332 (432) or 333 (433), or permission of instructor",
ISE402,3,ISE 401 or permission of instructor,D1
ISE420,3,ISE 311 (411) / MCE 411 or STA 412 or permission of instructor,
ISE445,3,"ISE 240 and 332 (432), or permission of instructor",
ISE449,3,ISE 240 or permission of instructor,
ISE451,3,ISE 332 (432) or 333 (433) or permission of instructor,
ISE460,3,"ISE 240, CHE 333 or 437",
ISE461G,3,"(junior standing, PHY 204, and MTH 142), or permission of instructor","C2, A1"
ISE491,6,permission of instructor,
ISE492,6,permission of instructor,
ITL100,6,Freshman or sophomore status only,"C2, A3"
ITL101,3,no prior Italian is required,"C2, A3"
ITL102,3,,"C2, A3"
ITL103,3,,"C2, A3"
ITL104,3,,"C2, A3"
ITL205,3,,"C2, A3"
ITL206,3,,"C2, A3"
ITL301,3,ITL 205 or 206 or permission of chairperson,
ITL302,3,ITL 205 or 206 or permission of chairperson,
ITL305,3,ITL 205 or 206 or permission of chairperson,
ITL310,3,"successful completion of one 200-level ITL course or equivalent, or permission of instructor",
ITL315,3,,"A3, C2"
ITL316,3,ITL 205 or ITL 206 or permission of instructor,
ITL317,3,ITL 205 or ITL 206 or permission of instructor,
ITL325,3,ITL 205 or 206 or permission of chairperson,
ITL326,3,ITL 205 or 206 or permission of chairperson,
ITL390,3,,"A3, C1"
ITL395,3,,
ITL450,3,one 300-level ITL course or permission of instructor,
ITL455,3,one 300-level course or permission of instructor,
ITL465,3,one 300-level course or permission of instructor,
ITL480,3,"junior standing, credit or concurrent enrollment in at least one 300-level Italian course, or permission of instructor",
ITL481,3,one 300-level course or permission of instructor,
ITL497,3,acceptance of project by a faculty member and approval of chairperson,
ITL498,3,acceptance of project by a faculty member and approval of chairperson,
ITR300,3,,
ITR301,12,"junior and senior standing, participation in the ITR program, permission of faculty advisor, and (a minimum quality point average of 2.00 or permission of the department chair of the student's major)",
ITR302,12,"junior and senior standing, participation in the ITR program, permission of faculty advisor, and (a minimum quality point average of 2.00 or permission of the department chair of the student's major)",
ITR303,3,concurrent enrollment in 301,
ITR304,3,concurrent enrollment in 302,
ITR305,1,"sophomore, junior or senior standing; for CCJ, ISD, AAF, SOC, APG, ECN, GWS, or PSC majors only",
ITR306,1,"Students with sophomore, junior, or senior standing for the following majors only:  ART, CHN, ENG, FRN, HIS, GER, GLAS (Global Language and Area Studies) ITL, MUS, PHL, SPA, THE",
ITR307,1,"Sophomore, junior, or senior standing in COM, FLM, JOR, PRS, SMC, WRT",
ITR400,0,permission of instructor,
JOR110,3,,"A3, C1"
JOR110H,3,overall GPA of 3.40 or better,"A3, C1"
JOR115,3,,
JOR210,3,JOR 110 or 115 or permission of instructor,
JOR211,3,JOR 110 or 115,
JOR215,3,JOR 110 or 115,
JOR220,3,"WRT course with a grade of B or better and major in journalism or sports media and communication, or permission of instructor",
JOR221,3,journalism majors only; JOR 220 with grade of C or better,
JOR310,3,junior standing and 110 and one 300-level journalism skills course or permission of instructor,
JOR311,3,JOR 110 or 115 or permission of instructor,
JOR313,3,JOR 110 or 115,
JOR320,3,"JOR 220 with a grade of C or better and major in journalism or public relations, or permission of instructor",
JOR321,3,"junior standing and JOR 220 with a grade of C or better, and major in journalism or public relations, or permission of instructor",
JOR325,3,JOR 220 or 320 or 321 or 341 or permission of department chair,
JOR330,3,JOR 221 or 230 with a grade of C or better,
JOR331,3,JOR 330 with a grade of C or better,
JOR340,3,PRS 100 and declared PR majors or PR minors,
JOR341,3,"junior standing and JOR 220 or WRT 331/PRS 331, and major in journalism or public relations, or permission of instructor",
JOR410,3,JOR 110 or 115 and senior standing or permission of instructor,
JOR411,1,journalism major and senior standing and concurrent enrollment in JOR 410,
JOR415,3,JOR 110 or 115 and junior standing,
JOR420,3,"Junior standing and either JOR 320, 330, or 331",D1
JOR430,3,JOR 330 with a grade of C or better,
JOR440,3,junior standing and submission to chairperson of proposal signed by supervising faculty member,
JOR441,3,PRS 340,D1
JOR442,3,Junior standing,
JOR443,3,"Junior standing; open only to majors in Communication Studies, Public Relations, Journalism, and Writing",
JOR445,3,permission of instructor,
JOR445H,3,Overall gpa of 3.4 or higher or permission of instructor,
JOR477,6,journalism majors and minors and public relations minors only,
JPN101,3,no prior Japanese is required,"A3, C2"
JPN102,3,,"A3, C2"
JPN201,3,JPN 102 (or equivalent) or permission of instructor,"A3, C2"
JPN202,3,JPN 201 or equivalent or permission of instructor,"A3, C2"
JPN301,3,JPN 202 (104) or equivalent or permission of instructor,
JPN302,3,JPN 301 (205) or equivalent or permission of instructor,
JPN310,3,,
JPN401,3,JPN 302 (206) or equivalent or permission of instructor,
JPN402,3,JPN 401 (305) or equivalent or permission of instructor,
JPN460,3,"One semester of Japanese at the Pre-Advanced level (JPN 301 (205), 302 (206)) or permission of section head",
JPN497,3,acceptance of a project by a faculty member and approval of department head,
KIN121,1,,
KIN122,4,Not for major credit in BA Biology or BS Biological Sciences,
KIN123,3,,"A2, B4"
KIN123H,3,3.4 overall GPA,"A2, B4"
KIN125,2,,
KIN210,2,,
KIN222,2,,
KIN243,3,Open to kinesiology majors only or by permission of instructor,
KIN250,2,KIN 210 or permission of instructor,
KIN275,3,,
KIN300,3,BIO 121 or BIO 220 and BIO 221 and BIO 222 and BIO 223 or permission of instructor,
KIN301,1,"BIO 220, BIO 221, BIO 222 and BIO 223, completion of or concurrent enrollment in KIN (BIO) 300 or permission of instructor",
KIN320,3,KIN 300,
KIN325,3,"KIN 275 and KIN 300, one of MTH 101, 103, 111, 131",
KIN369,3,"Kinesiology major and one of MTH 101, 103, 111, 131, or permission of instructor",
KIN370,3,Kinesiology major; BIO 220 and 221; or permission of instructor,
KIN375G,3,,"A1, B4"
KIN381,3,PSY 113,
KIN390,2,45 earned credits,
KIN391,3,junior standing and permission of chairperson and instructor,
KIN407,3,,
KIN414,3,"BIO 220 and 222, KIN 320, and KIN 370",
KIN420,3,"KIN 325, 300 and 301",D1
KIN425,3,KIN 275 and junior standing,
KIN464G,3,BIO 220 and BIO 221; BIO 121 and BIO 242; or permission of instructor,"A1, B4"
KIN470,3,"BIO 220, BIO 222, KIN 370, PHY 111, and one of MTH 101, 103, 111 or 131",
KIN482,3,"PSY 113 and KIN major, or permission of instructor",
KIN484,12,completion of core exercise science courses; minimum cumulative 2.5 GPA,
KIN496,3,Junior standing and permission of instructor,
LAN191,3,no prior experience in a specific language is required,"A3, C2"
LAN192,3,,
LAN193,3,,
LAN194,3,,
LAN220,3,,"A2, C3"
LAN321,3,Junior standing or by permission of instructor,"A3, C3"
LAN420,3,"Junior standing, minimum 12 credits of coursework in a language other than English, or by permission of instructor","D1, B4"
LAR101,1,,
LAR201,3,,A4
LAR202,3,,A4
LAR243,4,,
LAR244,4,LAR243,
LAR300,4,sophomore standing in landscape architecture,
LAR301,4,LAR 244 and MTH 103,
LAR302,3,"LAR 243, MTH 103, ART 207 or equivalent",
LAR343,4,"LAR201, LAR202, and LAR244",
LAR344,4,"LAR301, LAR343, and LAR345; credit or concurrent enrollment in LAR346",
LAR345,4,LAR 244 and 300,
LAR346,4,301 and 345,
LAR350,3,Sophomore standing or permission of instructor,"C1, B2"
LAR353,3,BIO 102 or PLS 150,
LAR354,3,LAR 353 or PLS 353,
LAR387G,3,"12 credits earned at 100 level or above, and one of LAR 201 or LAR 202 or ART 105 or ART 214, or permission of instructor","D1, C1"
LAR434,3,sophomore standing (45 credits completed) and above,
LAR443,4,LAR 344 and 354,
LAR444,4,LAR344 and LAR346 or by permission of instructor,
LAR445,4,LAR 443 and 444 or by permission of instructor,D1
LAR447,4,"LAR443, LAR444, and senior standing in landscape architecture",
LAR472,4,Junior standing and above,
LAR477,6,permission of instructor,
LAR491,3,permission of instructor,
LAR492,3,permission of instructor,
LAR498,3,Permission of instructor,
LAS390,3,SPA 104; HIS 180 is suggested,
LAS397,3,approval of LAS Committee and instructor,
LAT101,3,no previous Latin is required,"A3, C2"
LAT102,3,,"A3, C2"
LAT301,3,,"A3, C2"
LAT302,3,,"A3, C2"
LAT497,6,acceptance of a project by a faculty member; approval of section head,"A3, C2"
LAT498,6,acceptance of a project by a staff member; approval of section head,
LAX200G,3,,C2
LAX383,3,GWS 150 or permission by instructor,"A2, C2"
LDR190,3,permission of instructor,
LDR290,3,permission of instructor,
LDR290H,3,"Overall GPA of 3.4 or higher, Honors eligible (incoming freshmen or transfer students), permission of the Honors Director",
LDR291,3,permission of instructor,
LDR412,3,permission of instructor and HDF 190 or 290 and junior or senior standing,"C3, D1"
LDR413,3,permission of instructor and LDR 190 or LDR 290,
LDR415,3,Permission of instructor and LDR 190 or LDR 290,
LDR416,3,LDR 290 or 190 and permission of instructor,
LDR417,3,permission of instructor and LDR 190 or LDR 290 and enrollment in leadership minor,
LDR492,1,enrollment in leadership studies minor,
LET151,3,,
LHR432,3,SOC 100 or permission of instructor,
LHR461,3,MGT (BUS) 342,
LHR480,3,permission of instructor,
LIB150,3,,"B4, B2"
LIB250,3,,B4
LIB250H,3,,B4
LIB350G,3,Sophomore standing or consent of instructor,"B4, C1"
LIN420,3,Senior or graduate standing or permission of instructor,
LIN497,3,LIN 220 and acceptance of project by faculty member and approval of section head,
LIN498,3,LIN 220 and acceptance of project by faculty member and approval of section head,
LTI110,3,,B3
LTI350G,3,Junior standing or permission of instructor,"D1, B4"
MAF100,3,,"A2, C1"
MAF120,3,,
MAF213G,3,MTH 111 or permission of instructor,"A1, C2"
MAF220,3,,"A2, C1"
MAF280,3,Credit or current enrollment in MTH 103 or 111,"A1, B3"
MAF300,3,,"C3, A3"
MAF310,3,MAF 100,
MAF312,3,,"C2, D1"
MAF320,3,MAF 100 or EEC 105 or permission of the instructor,
MAF330,3,MAF 100,
MAF340,3,SOC 100 or MAF 100,
MAF350,3,,"C2, A2"
MAF373,3,,C3
MAF410,3,Seniors only,
MAF413,3,APG 203 or MAF 100 or graduate status,
MAF415,3,junior standing or above,
MAF416X,3,Juniors or Seniors with credit in APG203 or MAF100; or graduate status,
MAF450,6,MAF 350 or NRS 300 and permission of instructor,
MAF461,3,,
MAF465,3,undergraduate standing or graduate students with permission of instructor,
MAF471,3,,
MAF472,3,,
MAF475,3,,
MAF482,3,STA 308 or STA 409 or permission of instructor,
MAF484,3,,
MAF490,6,"permission of instructor, senior standing recommended",
MAF491,3,permission of chairperson,
MAF492,3,permission of chairperson,
MAF494,3,permission of instructor or chairperson,
MAF496,3,MAF 350/NRS 300 or permission of instructor,
MAF499,3,permission of instructor,
MCE201,3,,
MCE262,3,"MTH 141, or permission of instructor",
MCE262H,3,"MTH 141 and 3.40 overall GPA or better, or permission of instructor",
MCE263,3,MCE 262 with a grade of C- or higher,
MCE301,3,"CVE 220, credit or concurrent enrollment in ISE 240, and ((at least a 2.0 (C) average in PHY 203 (or 203H), MCE 262 (or 262H), CVE 220) and students must be admitted to the College of Engineering) or by permission of instructor",
MCE302,3,(MCE 201 or permission of instructor) and 263 and 301),
MCE313,3,CVE 220 and concurrent registration in MCE 341 and MCE 354,
MCE341,3,MCE 263 and MTH 243,
MCE348,3,"341 and 354 and 372, or permission of instructor",
MCE354,3,MCE 263 and MTH 243 or permission of instructor,
MCE366,3,MCE 263 and (MTH 244 or 362) and (students must be admitted to the College of Engineering or permission of instructor),
MCE372,3,"(EGR 106, MTH 243, and (MTH 244 or 362)) or permission of instructor",
MCE401,3,"MCE 301, completion of three of the following four courses: MCE 302, 348, 366 and ISE 240, and concurrent registration in CHE 333, or permission of instructor",
MCE401H,3,"3.40 overall GPA, MCE 301 and 302 and 366 and 348 and ISE 240 and credit for or concurrent registration in CHE 333, or permission of instructor",
MCE402,3,MCE 401,D1
MCE402H,3,3.40 overall GPA and MCE 401 or 401H,D1
MCE411,3,MTH 142 or permission of instructor,
MCE414,3,"MCE 313 and 348, or permission of instructor",
MCE426,3,MCE 301 or permission of instructor,
MCE431,3,"((ELE 205 or ELE 208 or BME 207) and ELE 314) or MCE 366, or permission of instructor",
MCE433,3,MCE 366 and ELE 220 or permission of instructor,
MCE434,3,MCE 341 or permission of instructor,
MCE437,3,MCE 341 and 354 or permission of instructor,
MCE438,3,MCE 341 or permission of instructor,
MCE440,3,CVE 220 or permission of instructor,
MCE449,3,ISE 240 or permission of instructor,
MCE455,3,"MCE 354 and MCE 372, or permission of instructor",
MCE456,3,PHY 204 and permission of instructor,
MCE460,3,"ISE 240, CHE 333 or 437",
MCE464,3,366 or permission of instructor,
MCE466,3,"MCE 301 and 372, or permission of instructor",
MCE471,3,MTH 244 or permission of instructor,
MCE472,3,MCE 341 or CHE 213 or permission of instructor,
MCE473,3,MTH 244 or permission of instructor,
MCE474,3,MTH 244 or permission of instructor,
MCE476,3,"CHE 232 or 333, or permission of instructor",
MCE485,3,MCE 348 or permission of instructor,
MCE491,6,permission of instructor,
MCE492,6,permission of instructor,
MGT104G,3,,"A2, C1"
MGT104GH,3,3.40 or better overall GPA,"A2, C1"
MGT201,3,,C3
MGT295,1,,
MGT317,3,junior standing in a degree-granting college or permission of instructor,
MGT341,3,junior standing in a degree granting college or permission of instructor,
MGT341H,3,Must have a 3.40 or better overall GPA or permission of instructor,
MGT342,3,junior standing in a degree granting college or permission of instructor,
MGT343,3,,
MGT344,3,"ECN 201 or EEC 105, or permission of instructor",
MGT345,3,,
MGT346,3,MGT (BUS) 341 recommended,
MGT390,1,,
MGT441,3,MGT (BUS) 341 or 341H or permission of instructor,
MGT442,3,MGT (BUS) 340 or permission of instructor,
MGT443,3,"MGT (BUS) 341 or 341H, or permission of instructor",
MGT444,3,MGT (BUS) 342,
MGT445,3,"ACC (BUS) 202 and FIN (BUS) 220 or 220H and MGT (BUS) 341 or 341H and SCA 255 (355) and MKT (BUS) 265 (365) or 265H (365H) and INE 315 or MGT 345, and senior standing in the College of Business, or permission of instructor",D1
MGT445H,3,"Must have a 3.40 overall GPA and ACC (BUS) 202 and FIN (BUS) 220 or 220H and MGT (BUS) 341 or 341H and SCA 255 (355) and MKT (BUS) 265 (365) or 265H (365H) and INE 315 or MGT 345, and senior standing in the College of Business, or permission of instructor",D1
MGT446,3,MGT (BUS) 342 and senior standing or permission of instructor,
MGT446H,3,3.4 overall gpa and MGT (BUS) 342 and senior standing or permission of instructor,
MGT447,3,MGT (BUS) 341 or 341H or permission of instructor,
MGT448,3,,
MGT450,3,"senior standing in the College of Business, enrollment in COB Innovation and Entrepreneurship minor, enrollment in COE Entrepreneurship minor, or permission of instructor",
MGT461,3,MGT (BUS) 342,
MGT491,3,must be a student in the College of Business with more than 75 credits and permission of instructor,
MGT492,3,must be a student in the College of Business with more than 75 credits and permission of instructor,
MGT493,6,"admission into internship program, and permission of instructor",
MGT495,2,MGT 295 and senior standing; for majors only,
MKT265,3,Open to students with 24 credits or permission of dean's office,
MKT265H,3,Must have a 3.40 overall GPA,
MKT366,3,,
MKT367,3,"BAI210 or STA308, and MKT265 or MKT265H, and BAI211 or BAI311 (prior or concurrently)",
MKT390,1,,
MKT450,3,"EEC 310, ECN 328, MKT 366H, or MKT 367, or permission of instructor",
MKT465,3,"MKT 265 (BUS 365) or 265H (365H), junior standing, or permission of instructor",
MKT466,3,"MKT 265 (BUS 365) or 265H (365H), junior standing, or permission of instructor",
MKT467,3,"MKT 265 (BUS 365) or 265H (365H), junior standing, or permission of instructor",
MKT468,3,"MKT 265 (BUS 365) or 265H (365H), junior standing, or permission of instructor",
MKT469,3,MKT265 or MKT265H or by permission of instructor,
MKT470,3,"MKT 265 (BUS 365 or 365H), and MKT 366 and 367, and either one 400-level MKT course or BAI 476",
MKT475,3,MKT265 or MKT265H or by permission of instructor,
MKT491,3,must be a student in the College of Business with more than 75 credits and permission of instructor,
MKT492,3,must be a student in the College of Business with more than 75 credits and permission of instructor,
MKT493,6,"admission into internship program, and permission of instructor",
MLS102,1,,
MLS360,3,Credit or concurrent enrollment in CMB 201 or CMB 211,
MLS405,2,,
MLS406,2,,
MLS409,4,,
MLS410,4,,
MLS411,4,,
MLS412,4,,
MLS413,2,,
MLS414,2,,
MLS415,3,,
MLS416,3,,
MLS451,2,,
MLS483,3,CMB 201 or 211,D1
MSL101,1,,
MSL102,1,,
MSL105,1,"MSL 101,102, 201, 202 and permission of chairperson",
MSL201,3,,
MSL202,3,,
MSL300,6,permission of department,
MSL301,3,permission of department,
MSL302,3,permission of department,
MSL401,3,MSL 301 and 302 or permission of department,
MSL402,3,MSL 301 and 302 and 401 or permission of department,
MSL403,3,permission of chairperson,
MTH101,3,Credit for MTH099,
MTH103,3,,"A1, B3"
MTH104,4,High school mathematics,B3
MTH105,3,,"A1, B3"
MTH106,3,,"A1, B3"
MTH107,3,passing a placement test,"A1, B3"
MTH108,3,Not open to students with credit in MTH 106 or MTH 109 and not for major credit in mathematics,"A1, B3"
MTH108H,3,Must have a 3.40 overall GPA,"A1, B3"
MTH109,3,,"B3, A2"
MTH110,3,,
MTH111,3,passing a placement test or C- or better in MTH 101,"A1, B3"
MTH131,3,passing a placement test or C- or better in MTH 103 or 111,"A1, B3"
MTH132,3,MTH 131 or 141 or permission of chairperson,
MTH99,3,,
MTH141,4,passing a placement test or C- or better in MTH 111,"A1, B3"
MTH141H,4,passing a placement test or C- or better in MTH111,"A1, B3"
MTH142,4,C- or better in MTH 141 or permission of chairperson,"B3, A1"
MTH142H,4,"Overall GPA 3.40 and MTH 141, or permission of instructor","B3, A1"
MTH180,3,,"A1, B3"
MTH208,4,,"A1, B3"
MTH209,4,C- or better in MTH 208,
MTH215,3,"C- or better in MTH 131, 141, 180, or equivalent",
MTH243,3,C- or better in MTH 142,"A1, B3"
MTH244,3,MTH 142,
MTH307,3,MTH 142,
MTH316,3,MTH 215 and 307,
MTH322,3,MTH 215 or permission of instructor,
MTH362,3,MTH 142,
MTH381,3,MTH 142 or equivalent,
MTH382,3,MTH 141 or permission of instructor,
MTH391,3,permission of chairperson,
MTH393,1,permission of chairperson,
MTH418,3,MTH 215,D1
MTH420,3,MTH 316 or permission,
MTH435,4,MTH 215 and 243 and 307 or permission of instructor,
MTH436,4,MTH 435 or permission of instructor,
MTH437,3,"MTH 243, credit or concurrent enrollment in MTH 215 or 362",
MTH438,3,MTH 437,
MTH441,3,MTH243 and (MTH244 or MTH362),
MTH442,3,MTH 243,
MTH447,3,"junior standing or better in physical or mathematical sciences, or in engineering, or permission of instructor",
MTH451,3,MTH 243 or equivalent,
MTH452,3,MTH 451,
MTH453,3,MTH 451 or equivalent,
MTH455,3,MTH 243 or permission of instructor,
MTH462,3,MTH 243 or equivalent,
MTH471,3,MTH 243 or permission of instructor,
MTH472,3,"MTH 243 and 215, or permission of instructor",
MTH481,3,MTH 215 and MTH 243,
MTH490,4,permission of chairperson,
MTH492,3,permission of chairperson,
MTH910,1,Mathematics graduate teaching assistant,
MUS101,3,,"A4, B1"
MUS105,3,,"A4, C3"
MUS106,3,,"A4, C3"
MUS107,1,,
MUS108,1,,
MUS109,1,"must not be registered for MUS 110, 210, 310, 410 or 510",
MUS110A,2,,
MUS110B,2,,
MUS110C,2,,
MUS110D,2,,
MUS110E,2,,
MUS110F,2,,
MUS110G,2,,
MUS110H,2,,
MUS110I,2,,
MUS110J,2,,
MUS110K,2,,
MUS110L,2,,
MUS110M,2,,
MUS110N,2,,
MUS110O,2,,
MUS110P,2,,
MUS110Q,2,,
MUS110R,2,,
MUS110S,2,,
MUS110T,2,,
MUS110U,2,,
MUS110V,2,,
MUS110W,2,,
MUS111,3,,A4
MUS115,1,MUS 119 or permission of instructor,
MUS116,3,For music majors and minors,
MUS117,1,MUS 115 with grade of C or higher or permission of instructor,
MUS118,3,MUS 116 with grade of C or higher or permission of instructor,
MUS119,1,,
MUS124,3,,
MUS125,3,MUS 124,
MUS136,2,Music major or minor,
MUS137,1,"MUS 115, MUS 116, music therapy major",
MUS169,1,Open to music education majors or permission of instructor,
MUS170,1,Open to music education majors or permission of instructor,
MUS171,1,"credit or concurrent enrollment in MUS 115 and MUS 116, or permission of instructor",
MUS172,1,MUS 171 or permission of instructor,
MUS173,1,Open to all B,
MUS175,1,Open to music education majors or permission of instructor,
MUS177,1,Open to music education majors or permission of instructor,
MUS179,1,Open to music education majors or permission of instructor,
MUS180,1,"MUS 115, MUS 116, MUS 170, music therapy major",
MUS183,1,"MUS 173, music therapy major",
MUS184,2,Concurrent enrollment in MUS 210A and accepted as a music major in Music Department or permission of instructor,
MUS208,3,,"A4, C1"
MUS210A,2,Pre: audition and permission of chairperson,
MUS210B,2,Pre: audition and permission of chairperson,
MUS210D,2,Pre: audition and permission of chairperson,
MUS210E,2,Pre: audition and permission of chairperson,
MUS210F,2,Pre: audition and permission of chairperson,
MUS210G,2,Pre: audition and permission of chairperson,
MUS210H,2,Pre: audition and permission of chairperson,
MUS210I,2,Pre: audition and permission of chairperson,
MUS210J,2,Pre: audition and permission of chairperson,
MUS210K,2,Pre: audition and permission of chairperson,
MUS210L,2,Pre: audition and permission of chairperson,
MUS210M,2,Pre: audition and permission of chairperson,
MUS210N,2,Pre: audition and permission of chairperson,
MUS210O,2,Pre: audition and permission of chairperson,
MUS210P,2,Pre: audition and permission of chairperson,
MUS210Q,2,Pre: audition and permission of chairperson,
MUS210R,2,Pre: audition and permission of chairperson,
MUS210S,2,Pre: audition and permission of chairperson,
MUS210T,2,Pre: audition and permission of chairperson,
MUS210U,2,audition and permission of chairperson,
MUS210V,2,audition and permission of chairperson,
MUS210W,2,audition and permission of chairperson,
MUS215,1,MUS 117 with grade of C or higher or permission of instructor,
MUS216,3,MUS 118 with grade of C or higher or permission of instructor,
MUS217,1,MUS 215 with a grade of C or higher or permission of instructor,
MUS218,3,MUS 216 or equivalent (A4) (B3),"A4, B3"
MUS220,3,,"A3, C2"
MUS222,3,"MUS 216 and MUS 220, or by permission of instructor",
MUS229,3,,
MUS232,2,"MUS 115, MUS 116, music therapy major",
MUS233,1,"MUS 115, MUS 116, music therapy major",
MUS235,3,MUS 210 or MUS 119 or permission of instructor,
MUS236,1,"MUS 137, music therapy major",
MUS237,1,"MUS 236, music therapy major",
MUS239,1,Music major or minor,
MUS243,1,"MUS 137, music therapy major",
MUS244,1,"MUS 243, music therapy major",
MUS252,1,"MUS 124 and MUS 125, or by permission of instructor",
MUS253,1,"MUS 252, or by permission of instructor",
MUS256,2,,
MUS261,3,"MUS 118, MUS 172 or equivalent, or permission of instructor",
MUS271,1,MUS 172 or equivalent,
MUS272,1,MUS 271 or equivalent,
MUS273,1,Either MUS 108 or 171 or by audition,
MUS283,2,MUS 184 and concurrent enrollment in MUS 210A and must be music major or permission of instructor,
MUS290,1,audition and permission of instructor,
MUS291,2,,
MUS292,1,,A4
MUS293,1,,A4
MUS300,1,,
MUS301,3,,"A4, C1"
MUS301H,3,overall gpa of 3.4 or higher,"A4, C1"
MUS311,2,MUS 239; MUS 173 or concurrent enrollment; MUS 117 and 118; or permission of instructor,
MUS312,2,"MUS 239, 117, 118, and 169 or 175 or 177 or 179; or permission of instructor",
MUS318G,3,Junior standing or permission of instructor,A1
MUS322,3,MUS 118 (121) or equivalent competency and 220 or consent of instructor,"A3, C3"
MUS324,2,MUS 124 and MUS 125 with a grade of B or better,
MUS329,3,MUS 229 with grade C or better,
MUS331,2,"MUS 115, MUS 116, music therapy major",
MUS332,2,"PSY 254, music therapy major",
MUS334,2,MUS 111 or demonstrated ability to read music,
MUS335,2,"MUS 227, MUS 228, music therapy major",
MUS336,1,"MUS 237, music therapy major",
MUS337,1,"MUS 336, PSY 254, music therapy major",
MUS338,3,MUS 235 with C or higher and EDC 250,
MUS340,3,EDC 250 and MUS 338 (238); or permission of instructor,
MUS343,1,"MUS 244, music therapy major",
MUS344,1,"MUS 343, music therapy major",
MUS350,1,"Concurrent enrollment in second semester of MUS 410 for students in performance subplans or sixth semester of MUS 210 for students in the BA Music, Jazz subplan",
MUS367,3,Open to students with junior standing in a BA or BM program in music,D1
MUS371,1,permission of piano faculty,
MUS376,1,"MUS 338 or concurrent enrollment, or MUS 340 or concurrent enrollment",
MUS391,1,concurrent enrollment in MUS 310 or 410,
MUS394,1,audition and permission of instructor,
MUS395,1,audition and permission of instructor,
MUS396,1,audition and permission of instructor,
MUS397,1,audition and permission of instructor,
MUS398B,1,audition and/or permission of chamber music coach,
MUS398G,1,audition and/or permission of chamber music coach,
MUS398J,1,audition and/or permission of chamber music coach,
MUS398K,1,audition and/or permission of chamber music coach,
MUS398M,1,audition and/or permission of chamber music coach,
MUS398O,1,audition and/or permission of chamber music coach,
MUS398P,1,audition and/or permission of chamber music coach,
MUS398S,1,audition and/or permission of chamber music coach,
MUS398V,1,audition and/or permission of chamber music coach,
MUS398W,1,audition and/or permission of chamber music coach,
MUS398Z,1,audition and/or permission of chamber music coach,
MUS407,3,MUS 222,
MUS408,3,credit or concurrent enrollment in MUS 222 or the ability to read music,
MUS410A,2,MUS 210 (8 credits) and successful passage of Advancement Jury,
MUS410B,2,MUS 210 (8 credits) and successful passage of Advancement Jury,
MUS410D,2,MUS 210 (8 credits) and successful passage of Advancement Jury,
MUS410E,2,MUS 210 (8 credits) and successful passage of Advancement Jury,
MUS410F,2,MUS 210 (8 credits) and successful passage of Advancement Jury,
MUS410G,2,MUS 210 (8 credits) and successful passage of Advancement Jury,
MUS410H,2,MUS 210 (8 credits) and successful passage of Advancement Jury,
MUS410I,2,MUS 210 (8 credits) and successful passage of Advancement Jury,
MUS410J,2,MUS 210 (8 credits) and successful passage of Advancement Jury,
MUS410K,2,MUS 210 (8 credits) and successful passage of Advancement Jury,
MUS410L,2,MUS 210 (8 credits) and successful passage of Advancement Jury,
MUS410M,2,MUS 210 (8 credits) and successful passage of Advancement Jury,
MUS410N,2,MUS 210 (8 credits) and successful passage of Advancement Jury,
MUS410O,2,MUS 210 (8 credits) and successful passage of Advancement Jury,
MUS410P,2,MUS 210 (8 credits) and successful passage of Advancement Jury,
MUS410Q,2,MUS 210 (8 credits) and successful passage of Advancement Jury,
MUS410R,2,MUS 210 (8 credits) and successful passage of Advancement Jury,
MUS410S,2,MUS 210 (8 credits) and successful passage of Advancement Jury,
MUS410T,2,MUS 210 (8 credits) and successful passage of Advancement Jury,
MUS410U,2,MUS 210 (8 credits) and successful passage of Advancement Jury,
MUS410V,2,MUS 210 (8 credits) and successful passage of Advancement Jury,
MUS410W,2,MUS 210 (8 credits) and successful passage of Advancement Jury,
MUS411,1,Enrollment in MUS410 for performance subplans,
MUS416,3,credit or concurrent enrollment in MUS 218 or permission of instructor,
MUS417,3,credit or concurrent enrollment in MUS 216 or permission of instructor,
MUS418,3,MUS 124 and 125 with a grade of B or better,
MUS419,3,MUS 124 and 125 with a grade of B or better,
MUS420,3,MUS 216 or permission of instructor,
MUS422,3,MUS 222 or permission of instructor,
MUS423,3,MUS 106 or equivalent knowledge or permission of instructor,"A3, C3"
MUS424,3,MUS 391,
MUS426,3,"MUS 222, or permission of instructor",
MUS427,3,"MUS 220 and one or both: MUS 222, MUS 322, or permission of instructor",
MUS435,2,"Concurrent enrollment in MUS 436, and music therapy",
MUS436,1,"MUS 337, music therapy major",
MUS437,1,"MUS 436, music therapy major",
MUS438,3,"Music Therapy Major, Interdisciplinary Neuroscience Major Clinical Track, or by permission of instructor",
MUS439,2,music therapy major,
MUS441,3,MUS 235 or by permission of instructor,"C1, A4"
MUS442,2,4 credits in MUS 210,
MUS443,1,"MUS 344, music therapy major",
MUS444,1,"MUS 443, music therapy major",
MUS445,2,"MUS 173, 235, 442 and concurrent enrollment in MUS 410 and permission of instructor",
MUS450,1,Concurrent enrollment in the final semester of MUS 410,
MUS470,3,,
MUS477,3,For undergraduate music students in the B,
MUS480,2,MUS 280 or permission of chairperson and senior standing in music,
MUS485,1,audition and/or permission of instructor,
MUS486,3,music therapy major,
MUS490,3,acceptance by faculty member who will be the project advisor and approval of chairperson,
MUS491,3,"MUS 437, music therapy major",
MUS493,3,"MUS 444, concurrent enrollment in MUS 491","D1, B2"
NES400,4,,"D1, B4"
NEU101,3,credit for or concurrent enrollment in BIO 101,
NEU110,1,,
NEU210,3,,
NEU230,1,,
NEU262,4,NEU 101 and BIO 101 and 103,
NEU301,3,NEU 101 and BIO 101 and 102,
NEU310,3,NEU 101,
NEU320,3,NEU 101 and PSY 113,
NEU391,3,Junior standing and permission of INP Director and instructor,
NEU410,6,"NEU 262 and junior standing, or permission of the instructor",
NEU460,1,"NEU 101, NEU 301 and NEU 320",
NEU488,3,permission of instructor,
NEW326,3,sophomore standing or above and admission in the EE program,
NEW332,4,sophomore standing or greater; admission in to the EE degree program or teacher education program,
NRS100,3,,A1
NRS101,1,,
NRS190,3,,A1
NRS200,1,100,
NRS212,4,,
NRS223,4,"NRS 100, BIO 101 or 110, or 102",
NRS234G,3,,A1
NRS300,3,,"C2, A2"
NRS301,3,BIO 102,
NRS304,3,"BIO 101 or 110, and permission of instructor",
NRS305,3,"NRS 223 and BIO 101 or 110, and 102",
NRS309,3,"NRS 223, and credit or concurrent enrollment in NRS 305",D1
NRS323,4,BIO 102,
NRS324,4,"BIO 101 or 110, and permission of instructor",
NRS326,3,,
NRS330G,3,NRS100 and (BIO262 or NRS305 or NRS223),"A1, C2"
NRS350,4,BIO 102 or permission of instructor,
NRS351,2,NRS 212 or permission of instructor,
NRS355,3,"NRS 100, NRS 223, NRS 305 and permission of instructor",
NRS388,3,"BIO 101 and 102, or permission of instructor",
NRS395,3,sophomore to senior standing and permission of instructor,
NRS397,6,"NRS 100, NRS 212 and approval of chairperson",
NRS401,4,"NRS 223 or BIO 262, or permission of instructor",
NRS402,3,"BIO262 or NRS223, and STA308 or STA409, or by permission of instructor",
NRS403,1,permission of instructor,
NRS404,3,MTH 131 or MTH 141,
NRS405G,3,Permission of instructor,
NRS406,4,NRS 223 and permission of instructor,
NRS407,3,"BIO 101 or 110, and NRS 100",
NRS409,4,junior or senior standing or permission of the instructor,
NRS410,3,,
NRS412,3,NRS 212 and CHM 124 and 126 or permission of instructor,
NRS415,3,,
NRS417,4,"BIO 101/103 and 102/104; and NRS 223 or BIO 262, and permission of instructor",
NRS419,1,"concurrent enrollment in or credit for NRS/BIO 417, and permission of instructor",
NRS423,4,"BIO 262, GEO 103, NRS 223, concurrent enrollment in NRS 425 or 525, and permission of instructor",
NRS425,1,concurrent enrollment in 423,
NRS426,3,NRS 212 or permission of instructor,
NRS432,4,NRS 212 or concurrent enrollment in GEO 483 and permission of instructor,
NRS442,3,,
NRS444,3,permission of instructor,
NRS445,4,NRS 223 or BIO 262 or permission of instructor,
NRS450G,3,"NRS 212 or permission of instructor, and concurrent enrollment in NRS 452G",D1
NRS452G,1,"NRS 212, and concurrent enrollment in NRS 450G",D1
NRS461,4,"NRS 212, STA 308 or 409 or permission of instructor",
NRS471,4,,
NRS475,3,permission of instructor and SCUBA certification required,
NRS480,2,junior standing,
NRS482,4,permission of instructor,
NRS484,4,"GEO 483 or CVE 588 or NRS 510, or permission of instructor",
NRS485,4,BIO 262 or NRS 223 and 2 semesters of chemistry or permission of instructor,
NRS491,3,permission of chairperson,
NRS492,3,permission of chairperson,
NRS492H,3,permission of chairperson,
NRS495,3,NRS 395 and permission of instructor,
NRS497,12,senior standing and permission of department,
NRS498,3,"senior standing, previous enrollment in the course to be taught, and permission of instructor",
NRS499,6,"GPA of at least 3.25, successful completion of NRS 491 or 492 and permission of department chairperson",
NUE391,3,permission of instructor,
NUE392,3,NUE 391 and permission of instructor,
NUE471,3,MTH 244 or permission of instructor,
NUE473,3,MTH 244 or permission of instructor,
NUE474,3,MTH 244 or permission of instructor,
NUE475,3,"MCE 471 / CHE 471 or  NUE 391, or permission of instructor",
NUR100,3,NUR code or permission of instructor,
NUR150,3,,"A2, C3"
NUR150H,3,,"A2, C3"
NUR160,3,,B4
NUR203,3,"Credit in BIO 222, BIO 223, CHM 124, NUR 100, WRT 104 or 106, and concurrent enrollment in NUR 213 and credit or concurrent enrollment in CMB 201 and NFS 207 and permission of instructor",
NUR207G,3,Sophomore or higher standing,A2
NUR208,3,"NUR 203, NUR 213, CMB 201, NUT 207",
NUR213,3,"Credit in BIO 222, BIO 223, CHM 124, NUR 100, WRT 104 or 106 and concurrent enrollment in NUR 203 and credit or concurrent enrollment in CMB 201 and NUT 207 and permission of instructor",
NUR233,3,"NUR 203, NUR 213, CMB 201, NUT 207 and concurrent enrollment in NUR 234, credit or concurrent enrollment in NUR 243, STA 220, and NUR 208",
NUR234,3,"Credit in NUR 203, NUR 213, CMB 201, NFS 207 and concurrent enrollment in NUR 233, credit or concurrent enrollment in NUR 243 and NUR 208 and STA 220",
NUR243,3,"Credit in NUR 203, NUR 213, CMB 201, NUT 207",
NUR246,2,"Licensed Registered Nurse, or new graduate from RN program",
NUR247,3,RN licensure,
NUR252,3,,
NUR253,3,"Credit in NUR 233, NUR 234, NUR 243, NUR 208 and STA 220",
NUR260H,3,must have a 3.40 overall GPA,"A2, C3"
NUR280G,3,,C3
NUR313,3,"NUR 233, NUR 234, NUR 243, and NUR 208; concurrent with NUR 314; and credit or concurrent enrollment in NUR 253",
NUR314,3,"Credit in NUR 233, NUR 234, NUR 243, NUR 208 and STA 220 and concurrent enrollment in NUR 313 and credit or concurrent enrollment in NUR 253",
NUR327,3,Sophomore standing (A2),A2
NUR333,3,"Credit in NUR 253, NUR 313, NUR 314 and Concurrent enrollment in NUR 334, NUR 353, NUR 354",
NUR334,3,"Credit in NUR 253, NUR 313, NUR 314 and concurrent enrollment in NUR 333, NUR 353, NUR 354",
NUR346,4,Licensed Registered Nurse,
NUR347,3,"NUR 247, NUR 253, RN licensure",
NUR353,4,"Credit in NUR 253, NUR 313, NUR 314 and concurrent enrollment in NUR 333, NUR 334, NUR 354",
NUR354,3,"Credit in NUR 253, NUR 313, NUR 314 and concurrent enrollment in NUR 333, NUR 334, NUR 353",
NUR381G,3,,"B4, D1"
NUR382G,3,Junior or senior standing,D1
NUR383,3,Sophomore standing,"D1, C3"
NUR390,3,admission to the College of Nursing and prior faculty approval,
NUR412,3,"NUR 353, NUR 354, NUR333, NUR 334, concurrent with NUR 443 and NUR 444",
NUR413,3,"NUR 443, NUR 444, NUR 412 and credit or concurrent enrollment in NUR 415 and NUR 417",
NUR415,3,,
NUR417,6,"Credit in NUR 412, NUR 443, NUR 444 and concurrent enrollment in NUR 413 and NUR 415",
NUR425,3,one prior thanatology course or permission of instructor,
NUR427,3,permission of instructor,
NUR429,3,One prior thanatology course or permission of the instructor,
NUR441,3,Not for students with credit in NUR443,
NUR442,3,Credit or concurrent enrollment in NUR247 and NUR441,"D1, C1"
NUR443,3,"NUR333, NUR334, NUR353, NUR354 and concurrent enrollment in NUR412 and NUR444",
NUR444,3,"Credit in NUR 333, NUR 334, NUR 353, NUR 354 and concurrent enrollment in NUR 412 and NUR 443","D1, C1"
NUR446,4,NUR 246 and NUR 253,
NUR447,3,"NUR 247, NUR 253, RN license",
NUR448,3,NUR 246 and NUR 253 are prerequisites,
NUR995,6,graduate standing,
NUT110,1,Nutrition or Dietetics major or minor,
NUT207,3,,"B3, A1"
NUT207H,3,,"B3, A1"
NUT210,1,Credit or concurrent enrollment in NUT 207,
NUT212G,3,NUT 207,"C3, A2"
NUT245,3,,
NUT336,4,NUT207 and NUT210 and CHM124 or CHM227,
NUT337,4,NUT336,
NUT360,3,NUT 207 and KIN 275 or 300 or BIO 222,
NUT375,3,NUT 207 and NUT 212G or 276G; credit or concurrent enrollment in NUT 210,
NUT376,4,NUT (NFS) 375,
NUT394,3,NFS 212G or 276G,
NUT395,3,NUT (NFS) 394,
NUT404,3,Senior in good standing or permission of instructor,"D1, B4"
NUT410,1,Nutrition or Dietetics major or minor and senior standing or permission of instructor,
NUT440,3,"C or higher in NUT (NFS) 207 and 210 and BIO 222, and CMB 210 or CMB 311, or permission of instructor",
NUT441,3,NFS 207; junior standing or above; credit or concurrent enrollment in BIO 222 and CMB 210 or 311,
NUT443,4,"NFS 207, 210 and 395, or permission of instructor",
NUT444,3,"NFS 441 and 443, or enrollment in Pharm",
NUT445,3,"NUT 441, 443 and 444",
NUT446,3,"Enrolled in PharmD program, or by permission of instructor",
NUT451,3,NUT (NFS) 394 or permission of instructor,
NUT458,3,"NUT (NFS) 395 or 440, or permission of instructor","B2, D1"
NUT491,3,senior standing or permission of instructor,
NUT495,3,permission of instructor,
NUT496,3,By permission of instructor,
NUT497,3,NUT 495 or by permission of instructor,
NVP200,1,,
NVP399G,3,,A2
NVP425,3,"Prior coursework in psychology, or permission of instructor",
OCE101,1,,
OCE205,4,EGR 106 or permission of instructor,
OCE206,3,"OCE 205, PHY 204 and PHY 274 (or PHY 204H, 274H), or permission of instructor",
OCE213,3,MTH 243 ) or permission of instructor,
OCE301,4,"MTH 244, MCE 263, CVE 220, OCE 206, and OCE 213 or permission of instructor",
OCE311,4,"OCE 206 and MCE 354, or permission of instructor",
OCE315,1,Credit or concurrent enrollment in MCE 354 or permission of instructor,
OCE360,3,OCE 206 or permission of instructor,
OCE394,3,OCE 315 or permission of instructor,
OCE408,4,"PHY 205, MCE 354, OCE 315 and OCE 301, or permission of instructor",
OCE416,2,,
OCE421,3,OCE 408 or permission of instructor,
OCE422,3,OCE 421,
OCE456,3,PHY 204 and permission of instructor,
OCE467,3,OCE 360 or permission of instructor,
OCE471,4,OCE 301 and PHY 205,
OCE472,3,471,
OCE483,3,CVE 381 or permission of instructor,
OCE491,6,permission of chairperson,
OCE492,6,permission of chairperson,
OCE495,3,"OCE 394, OCE 408, OCE 471, or permission of instructor",
OCE496,3,permission of instructor,"D1, B2"
OCG106G,3,,"A1, B4"
OCG108G,3,,D1
OCG110,3,,"A1, B4"
OCG111,3,,"A1, B3"
OCG120G,3,,"A1, B4"
OCG123G,3,,"A1, C2"
OCG131G,3,,"A1, B4"
OCG150,3,,
OCG200G,3,,"A1, C2"
OCG301,3,at least one year of biological or physical science with laboratory,
OCG309,4,,
OCG404,3,MTH 131 or MTH 141,
OCG420,3,"one semester general biology (BIO 100, 101, 102, 103, 104, 130, 141) and one semester general chemistry (CHM 101, 103)",
OCG423G,3,,D1
OCG440,4,GEO 103 or permission of instructor,
OCG451,3,"two semesters of MTH 131 and 132 or 141 and 142, one semester of CHM 101 and 102 or 191, one semester of PHY 111 and 185 or 203 and 273 or 213 and 285",
OCG480,3,one semester of general chemistry (CHM 101 or 103),
OCG483,3,PHY 381 and 382,
OCG484,3,PHY 381 and 382,"D1, B3"
OCG491,15,"junior standing in natural sciences, natural resources, or engineering, and permission of supervising faculty member",
OCG493,6,"junior or senior standing in natural science, natural resources, or engineering, and permission of instructor",
OCG494,6,"junior or senior standing in natural science, natural resources, or engineering, and permission of instructor",
OCS997,,,
OCS998,,,
OCS999,,,
OCSG997,,,
OCSG998,,,
OCSG999,,,
PHC316,1,"Successful completion of BPS 318, or permission of instructor",
PHC334,3,"Enrolled in the professional years of the PharmD, or the Bachelors of Pharmaceutical Sciences (BPS) program, or by permission of instructor",
PHC415,1,"Successful completion of PHC 316, or permission of instructor",
PHC416,1,"Successful completion of PHC 415, or permission of instructor",
PHL101,3,,"A3, B3"
PHL103,3,,"A3, B1"
PHL110G,3,,"A3, C3"
PHL110GH,3,,"A3, C3"
PHL114,3,,"A3, B1"
PHL204,3,,"A3, B1"
PHL205,3,,
PHL212,3,,"A3, C3"
PHL212H,3,must have a 3.40 overall GPA,"A3, C3"
PHL215,3,,"A1, B1"
PHL217,3,,"A3, C2"
PHL235,3,,"A3, C2"
PHL314,3,PHL 101 or 101H or 103 or 103H or one 200-level PHL course or permission of instructor,
PHL316G,3,"sophomore standing, PHL, ISE, or MCE major, or permission of instructor","A3, C1"
PHL316GH,3,"must have a 3.40 overall GPA, sophomore standing, and PHL, ISE, or MCE major, or permission of instructor","A3, C1"
PHL318,3,PHL 101 or 103 or one 200-level PHL course or permission of instructor,
PHL321,3,"PHL 101 or 103 or one 200-level PHL course, or permission of the instructor",
PHL322,3,,
PHL323,3,"PHL 101, or 103, or one 200-level PHL course, or permission of  instructor",
PHL324,3,PHL 101 or 103 or one 200-level PHL course or permission of instructor,
PHL325,3,PHL 01 or 103 or one 200-level PHL course or permission of instructor,
PHL328,3,PHL 101 or 103 or one 200-level PHL course or permission of instructor,
PHL331,3,PHL 101 or 103 or one 200-level PHL course or RLS 131 or permission of instructor,
PHL341,3,PHL 101 or 103 or one 200-level PHL course or permission of instructor,
PHL342,3,PHL 101 or 103 or one 200-level PHL course or permission of instructor,
PHL346,3,PHL 101 or 103 or one 200-level PHL course or permission of instructor,
PHL355,3,PHL 101 or 103 or one 200-level PHL course or permission of instructor,
PHL366,3,,"A3, C2"
PHL401,3,3 credits in philosophy and permission of instructor,
PHL402,3,3 credits in philosophy and permission of instructor,
PHL421G,4,RLS/PSC 221 or PSC 322 or PSC 211 or PSC 310,"A2, C3"
PHL451,3,"Any one of PHL 101, CSC 340, CSC/MTH 447, or MTH 180, or permission of instructor",
PHL452G,3,"PHL 101, 215, or 451, one 300-level PHL course, and 6 credits of natural science; or permission of instructor","D1, C2"
PHL477,3,Junior or senior standing or permission of the chair,"C1, D1"
PHL490,3,senior standing in philosophy or permission of instructor,
PHL499,3,senior standing and permission of instructor,
PHP100G,3,Freshman or sophomore standing,"A2, B2"
PHP201,3,Intended for freshmen and sophomores,
PHP203G,3,,A2
PHP207G,3,Sophomore or higher standing,A2
PHP300,1,"Current or concurrent enrollment in PHC515, PharmD P3 or P4 student, or by permission of instructor",
PHP303,1,First year Doctor of Pharmacy student,
PHP307,3,First-year Doctor of Pharmacy student,
PHP308,3,"PHP 307, First-year Doctor of Pharmacy student; or permission of instructor",B4
PHP309,3,"Second/third year PHARM-D students in good standing, or third/fourth year Pharmaceutical Science BS students in good standing",
PHP315,3,First professional year Doctor of Pharmacy student,
PHP327,3,First professional year Doctor of Pharmacy student,
PHP328,4,First professional year Doctor of Pharmacy student,
PHP336G,3,Junior standing or higher,"D1, C1"
PHP336GH,3,Junior standing or higher,"D1, C1"
PHP340,1,First year Doctor of Pharmacy professional student in good standing or permission of instructor,
PHP350,1,First-year Doctor of Pharmacy professional student in good standing or permission of instructor,
PHP360,3,first-year Doctor of Pharmacy professional student in good standing or permission of the instructor,
PHP405,4,"STA 307, STA 308, STA 409, or PSY 200","D1, B4"
PHP405H,4,"STA307, STA308, STA409, or PSY200","D1, B4"
PHP407,3,"PHP 308, Second-year Doctor of Pharmacy student; or permission of instructor",
PHP408,3,"PHP 407, Second-year Doctor of Pharmacy student; or permission of instructor",
PHP411,4,"STA 307, or 308, or 409, or permission of instructor",
PHP415,3,Second-year Doctor of Pharmacy student (P2) or permission of the instructor,P2
PHP418,3,second-year Doctor of Pharmacy Student; PHP 315,
PHP426,3,"Second professional year of Doctor of Pharmacy; or health science majors in their third year or higher; or pre-health students in their third year or higher, or current healthcare professional; or permission of instructor",
PHP427,4,Second professional year Doctor of Pharmacy student,
PHP428,4,Second professional year Doctor of Pharmacy student,
PHP430,3,"PHP 328, second- or third-year Doctor of Pharmacy professional student in good standing or permission of the instructor",
PHP450,2,Second year Doctor of Pharmacy professional student or permission of instructor,
PHP451,2,Second year Doctor of Pharmacy professional student or permission of instructor,
PHP452,1,Second year Doctor of Pharmacy professional student or permission of instructor,
PHP460,3,third-year Doctor of Pharmacy professional student in good standing or permission of the instructor,
PHP464,3,Pharmacy students who are in second professional year standing in the PharmD curriculum or other interested students with permission of instructor,
PHP497,3,permission of chairperson,
PHP498,3,permission of chairperson,
PHT440,3,,
PHY109,3,concurrent enrollment in PHY 110,A1
PHY110,1,concurrent enrollment in PHY 109,A1
PHY111,3,concurrent enrollment in PHY 185,"A1, B3"
PHY112,3,concurrent enrollment in PHY 186,"A1, B3"
PHY185,1,concurrent enrollment in PHY 111,"A1, B3"
PHY186,1,concurrent enrollment PHY 112,"A1, B3"
PHY203,3,credit or concurrent enrollment in MTH 141 and concurrent enrollment in PHY 273,A1
PHY203H,3,must have a 3.40 overall GPA,A1
PHY204,3,"PHY 203, credit or concurrent enrollment in MTH 142, and concurrent enrollment in PHY 274",A1
PHY204H,3,must have a 3.40 overall GPA,A1
PHY205,3,"PHY 203, credit or concurrent enrollment in MTH 243 or MTH 362, and concurrent enrollment in PHY 275","A1, B3"
PHY205H,3,must have a 3.40 overall GPA,"A1, B3"
PHY210,1,,
PHY273,1,concurrent enrollment in PHY 203,A1
PHY273H,1,Must have a 3.40 overall GPA,A1
PHY274,1,concurrent enrollment in PHY 204,A1
PHY274H,1,must have a 3.40 overall GPA,A1
PHY275,1,Concurrent enrollment in PHY 205,"A1, B3"
PHY275H,1,must have a 3.40 overall GPA,"A1, B3"
PHY306,3,PHY 204 and 205,
PHY322,3,PHY 204 and MTH 244,
PHY331,3,PHY 204 and MTH 243,
PHY334,3,PHY 112 or 205,
PHY381,3,PHY 204 and 205,
PHY382,3,PHY 205 or HPR 322,
PHY401,1,,
PHY402,1,,
PHY410,3,MTH 215 and CSC 200 or CSC 201 or CSC 211,
PHY420,3,PHY 205 and MTH 243,
PHY430,3,MTH 244,
PHY451,3,"PHY 306 and 322, and MTH 215, and 244",
PHY455,3,PHY 451 and MTH 243,
PHY483,3,PHY 381 and 382,
PHY484,3,PHY 381 and 382,"D1, B3"
PHY491,6,,
PHY492,6,,
PHY930,3,teacher certification,
PLA100,1,matriculated status and permission of the student's academic dean,
PLS132G,3,,A2
PLS132GH,3,3.40 overall GPA,A2
PLS150,3,,A1
PLS190,3,,A1
PLS200,4,BIO 102 or PLS 150 or permission of instructor,
PLS210,2,credit or concurrent enrollment in 200 or permission of instructor,
PLS215,3,BIO 102 or PLS 150 or permission of instructor,
PLS216,2,PLS 215 or concurrent enrollment,
PLS250,3,BIO 102 or PLS 150 or permission of instructor,
PLS255,3,BIO 102 or PLS 150 or permission of instructor,
PLS275,4,AVS 101 and 102 or permission of instructor,
PLS306,4,BIO 102 or PLS 150 or permission of instructor,
PLS311,3,BIO 102 or PLS 150 or permission of instructor,
PLS312,2,PLS 150,
PLS320,3,,
PLS321,4,PLS 132G or PLS 150 or BIO 102 or permission of instructor,
PLS322,3,,
PLS324,4,PLS 150 or BIO 102 or permission of instructor,"D1, B4"
PLS325,2,PLS 150 or BIO 102 or permission of instructor,
PLS331,4,BIO 102 or PLS 150 or permission of instructor,
PLS332,4,BIO 102 or PLS 150 or permission of instructor,
PLS341,3,BIO 102 or PLS 150 or permission of instructor,
PLS350,3,BIO 102 or PLS 150 or permission of instructor,
PLS353,3,BIO 102 or PLS 150,
PLS354,3,LAR 353 or PLS 353,
PLS361,3,BIO 102 or PLS 150 or permission of instructor,
PLS385,3,,
PLS399,6,BIO 102 or PLS 150 or permission of instructor,
PLS402,1,,
PLS491,3,permission of instructor,
PLS492,3,permission of instructor,
PLS498,3,"Senior standing, previous enrollment in the course to be taught, and permission of instructor",
POR101,3,no prior Portuguese is required,"A3, C2"
POR102,3,,"A3, C2"
POR103,3,,"A3, C2"
POR104,3,,"A3, C2"
POR205,3,"POR 104, or permission of instructor",
POR206,3,"POR 205 or equivalent, or permission of instructor",
POR335,3,POR 206 or equivalent or permission of instructor,
POR497,3,"one 300-level course in Portuguese, acceptance of project by faculty member, and approval of chair",
PRS100,3,"Exploring Harrington (AS_EHAR_BA) or declared PR Majors, Minors",
PRS200,3,PRS100 or permission of instructor,
PRS300,4,"PRS 100 and majors or minors in Comm Studies, Sports Media, or PR",
PRS320,3,Students admitted to PR Major and WRT 331,
PRS331,3,any 200-level or above WRT course; PR and WRT majors only,
PRS340,3,PRS 100 and declared PR majors or PR minors,
PRS341,3,"junior standing and JOR 220 or WRT 331/PRS 331, and major in journalism or public relations, or permission of instructor",
PRS360,3,"PRS 100 or COM 100, and COM 203 or SMC 220, or permission of instructor",
PRS370,3,"COM100 or PRS100, and COM203 or permission of the instructor",
PRS441,3,PRS 340,D1
PRS442,3,"Junior standing; open only to majors in Communication Studies, Public Relations, Journalism, and Writing",
PRS477,6,"public relations majors only; PRS  331, 332, 340",
PRS490,3,Permission of the instructor,
PSC113,4,,"A2, C1"
PSC116G,4,,"A2, C2"
PSC210,4,,
PSC211,4,,
PSC221,4,,"A3, C2"
PSC227,3,,
PSC274H,3,3.40 or higher overall GPA,
PSC300,4,3 credits in the social sciences recommended or permission of instructor,
PSC303,4,PSC 113 or 210 or PSC 116 or 211 or permission of instructor,
PSC305,4,PSC 113 or 210,
PSC306,4,,"A2, C1"
PSC310,4,,
PSC312,4,PSC 113 or 116 or permission of instructor,
PSC320,4,,
PSC321,4,PSC 116 or 210 or 211 or permission of instructor,
PSC322,4,RLS 221 or PSC 116 or PSC 211,
PSC325,4,PSC 113 or PSC 116G or permission of the instructor,
PSC330,4,PSC 113 or 210,
PSC333,4,ECN 201,
PSC334,4,PSC 113 or permission of the instructor,
PSC341,4,,
PSC342,4,PSC 113 or 210 and PSC 116 or 211,
PSC344,3,ECN 100 or 202 or permission of instructor,
PSC350,4,PSC 116 or 211,
PSC360,4,PSC 113 or PSC 116G or permission of instructor,
PSC367,4,PSC 113 or 210,
PSC368,4,PSC 113 or 210,
PSC369,4,PSC 113 or 210,
PSC370,4,"PSC 113 or 210 or PSC 116 or 211, or permission of instructor",
PSC371,4,,
PSC375,3,12 credits in the social sciences including 6 credits in political science and permission of instructor,
PSC376,3,12 credits in the social sciences including 6 credits in political science and permission of instructor,
PSC377,4,PSC 116 or 211 or equivalent,
PSC380,3,,
PSC388,4,PSC 113 or PSC 210 or PSC 310 or PSC 274 or permission of instructor,
PSC402,4,PSC 113 or 210 and junior or senior standing,D1
PSC405,4,PSC 310 or HDF 202 or permission of the instructor,"D1, B3"
PSC408,4,"PSC 113 or 210, and PSC 116 or 211",
PSC408H,4,"PSC 113 or 210, and PSC 116 or 211, and 3.40 or better overall GPA",
PSC410,3,APG 313 or PSC 201 or HIS 388 or permission of instructor,
PSC415,3,,
PSC416,4,sophomore standing or permission of instructor,"D1, C2"
PSC417,4,Sophomore standing or permission of instructor,"D1, C2"
PSC419,4,PSC 210 or PSC 211 or permission of the instructor,D1
PSC421G,4,RLS/PSC 221 or PSC 322 or PSC 211 or PSC 310,"A2, C3"
PSC422,4,PSC 210 or 211 or 310 or permission of the instructor,"D1, C2"
PSC431,4,PSC 212 or 310 or permission of instructor,"D1, C2"
PSC434,4,PSC 210 or 211 or 310 or permission of instructor,"D1, C2"
PSC435,4,PSC 210 or 211 or 310 or permission of the instructor,D1
PSC441,4,PSC 113 or PSC 210 or PSC 310 or permission of instructor,"C3, D1"
PSC443,4,PSC 240 or 341 or 342 or any 300-level philosophy course or permission of instructor,
PSC455,3,permission of chairperson,
PSC456,3,permission of chairperson,
PSC461,4,PSC 113 or 210 and 212 or 310 or permission of instructor,D1
PSC465,4,PSC 113 or 210,D1
PSC466,3,PSC 113 or 210,
PSC466H,3,"PSC 113 or 210, and 3.40 overall GPA",
PSC472,4,"PSC/SOC 274 or PSC 334 or PSC 371 or PSC 388, or permission of instructor",D1
PSC482,4,PSC 210 or PSC 211 or PSC 310,
PSC484,4,,"C3, D1"
PSC491,4,PSC 210 or 211 or 310,D1
PSC492,4,PSC 113 and 116,
PSY103,3,,"A2, B1"
PSY113,3,,A2
PSY130G,3,,"A2, C1"
PSY200,4,"PSY 113, at least one college-level mathematics course, and sophomore standing",
PSY205G,3,,"A1, B4"
PSY232,3,PSY 113,A2
PSY235,3,PSY 113,
PSY254,3,PSY 113,
PSY255,3,,
PSY260,3,PSY 113; PSY BS major or permission of instructor,
PSY276G,3,PSY 113,"A2, B4"
PSY301,4,"PSY200 or PSY200H or STA307 or STA308; and WRT104 or WRT106 or WRT332, or equivalent","D1, B4"
PSY305,3,PSY 113 and permission of instructor,
PSY310,3,PSY 113,
PSY311,3,PSY113 and PSY200,
PSY324,3,PSY 103 or 113,
PSY334,3,PSY 254,
PSY335,3,PSY 113 and junior standing or permission of instructor,
PSY340,3,PSY 200 and PSY 301 or permission of instructor,
PSY361,3,PSY 301 or permission of instructor,
PSY381,3,junior standing,
PSY384,3,PSY113 and PSY301 or equivalent,
PSY399,3,PSY 113 or 103,
PSY412,3,PSY 113,
PSY420,3,ISE 311 (411) / MCE 411 or STA 412 or permission of instructor,
PSY425,3,"Prior coursework in psychology, or permission of instructor",
PSY432,3,PSY 232,
PSY434,3,PSY200 or STA307 or STA308,
PSY435,3,"Grades of C or higher in PSY301 and PSY434, and either STA308 or PSY200, or by permission of instructor",
PSY436,3,"any one of the following--BIO 101, 104B, 113, 121, PSY 381, or permission of instructor",
PSY442,3,junior or senior standing,
PSY460,3,,
PSY471,3,PSY 361 or permission of instructor,
PSY473,3,PSY 471 or permission of instructor,
PSY477,1,sophomore standing or above,
PSY479,3,PSY 113 or permission of instructor,
PSY480,3,PSY 113 and at least one 200-level psychology course,
PSY488,3,permission of instructor,
PSY496,3,Permission of instructor,
PSY499,6,permission of instructor,
RIC0,,,
RLS111,3,,"A3, C2"
RLS131,3,,A3
RLS221,4,,"A3, C2"
RLS226,3,,"A3, B4"
SAF101G,3,,A2
SAF305,3,Sophomore Standing (B1) (C2),"B1, C2"
SAF383,3,Sophomore standing,"A2, C3"
SAF399,12,Students must have completed one semester at URI with a GPA above 2.0 and be a current or prospective SAFS major or minor; cannot be counted for concentration credit in SAF; permission of instructor,
SAF400G,3,junior standing,D1
SAF404,3,Senior in good standing or permission of instructor,"D1, B4"
SAF498,3,Sophomore standing; for majors only; not for major credit in SAF; B or higher in course; permission of instructor,
SCA255,3,at least 24 credits or permission from instructor,
SCA359,3,"BAI (BUS) 210 or STA 308, and SCA (BUS) 255 or ISE 240 or ISE 261G, or permission of instructor",
SCA360,3,SCA 255 (BUS 355),
SCA361,3,SCA 255 (BUS 355),
SCA390,1,,
SCA410,3,SCA (BUS) 359 including completion of Yellow Belt designation,
SCA415,3,BAI (BUS) 210 or STA 308 or ISE 311 or permission of instructor,
SCA459,3,BAI (BUS) 211 or BAI (BUS) 212 or permission of instructor,
SCA460,3,SCA 255 (BUS 355) and junior standing in a degree granting college,
SCA462,3,SCA (BUS) 360 and SCA (BUS) 460,
SCA463,3,SCA (BUS) 360 or MBA 560,
SCA464,3,SCA 255 (BUS 355) and SCA (BUS) 460,
SCA491,3,must be a student in the College of Business with more than 75 credits and permission of instructor,
SCA492,3,must be a student in the College of Business with more than 75 credits and permission of instructor,
SCA493,6,"admission into internship program, and permission of instructor",
SCM101,3,,"B4, C2"
SCM105,3,,
SCM201,4,,
SCM202,4,,
SCM312,4,sophomore standing,
SCM477,0,permission number required,
SCM495,3,senior standing,D1
SMC220,3,"COM 100, and declared major or minor in Sports Media and Communication",
SMC303,3,"COM 203, declared majors and minors in Sports Media and Communication, and minimum of 45 credits in degree granting college",
SMC477,6,"60 credits, 2.50 GPA; junior standing in a degree-granting college and permission of instructor",
SMC495,3,For SMC Majors only,
SOC100,3,,"A2, C3"
SOC100H,3,Overall GPA of 3.4 or higher,"A2, C3"
SOC200,3,,
SOC204,3,,
SOC212,3,,A2
SOC224,3,,"A2, C3"
SOC224H,3,,"A2, C3"
SOC230,3,,A2
SOC230H,3,,A2
SOC240,3,,"C3, A2"
SOC242,3,,"A2, C3"
SOC290,3,"Two 100-200 level SOC courses, open only to SOC majors, or permission of instructor",A2
SOC301,3,"Two 100-200 level SOC courses, open only to SOC and CCJ majors, or permission of instructor",
SOC303,3,Permission of instructor,
SOC308,3,sophomore standing,
SOC308H,3,3.40 overall gpa and sophomore standing,
SOC333,3,"Completed two 100-200 level Sociology courses, or permission of instructor",C3
SOC336,3,"Two 100-200 level SOC courses, or permission of instructor",
SOC340,3,SOC 100 or MAF 100,
SOC350,3,"Two 100-200 level SOC courses, or permission of instructor",
SOC360,3,"Two 100-200 level SOC courses, open only to SOC majors, or permission of instructor",
SOC377,3,Permission of instructor,
SOC395,3,"SOC 290 and one 300 level SOC course, open only to majors, or permission of instructor",
SOC400,3,"SOC 301 and 395, or permission of instructor",
SOC413,3,"SOC 242 and one 300 level SOC course, or permission of instructor",
SOC415,3,"One 300 level SOC or APG course, or permission of instructor",
SOC420,3,"One 300 level SOC course, or permission of instructor",
SOC428,3,one 300-level sociology course or permission of instructor,
SOC430,3,"One 300 level SOC or 300 level PSY course, or permission of instructor",
SOC431,3,"HDF 202 or SOC 301, or permission of instructor",
SOC432,3,"One 300 level SOC course, or permission of instructor",
SOC437,3,HDF 200 and 230 or SOC 212,
SOC438,3,"One 300 level SOC course, or permission of instructor",
SOC452,3,"One 300 level SOC course, or permission of instructor",
SOC475G,3,"300-level coursework in sociology, anthropology, gender and women's studies, or health studies; or permission of the instructor","A2, C2"
SOC477,6,By permission of instructor only,
SOC495,3,"SOC 290 and one 300 level SOC course, open only to SOC majors, or permission of instructor",D1
SOC498,3,one 300-level sociology course and permission of instructor,
SOC499,3,one 300-level sociology course and permission of instructor,
SPA101,3,,"C2, A3"
SPA102,3,Students enrolling in this course should have taken SPA 101 or equivalent,"C2, A3"
SPA103,3,Students enrolling in this course should have taken SPA 102 or equivalent,"A3, C2"
SPA104,3,Students enrolling in this course should have taken SPA 103 or equivalent,"C2, A3"
SPA110,3,,"A3, C2"
SPA205,3,Students enrolling in this course should have taken SPA 104 or equivalent,"A3, C2"
SPA206,3,Students enrolling in this course should have taken SPA 205 or equivalent,"C2, A3"
SPA207,3,,"C2, A3"
SPA210,3,"Open only to heritage speakers of Spanish (people who grew up speaking Spanish at home, but completed most or all of their formal schooling in a language other than Spanish)","A3, C3"
SPA305,3,"SPA 206 or SPA 210, or permission of instructor",
SPA306,3,"SPA 206 or SPA 210, or permission of instructor",
SPA307,3,"SPA 206 or SPA 210, or permission of instructor",
SPA308,3,"SPA 206 or SPA 210, or permission of instructor",
SPA310,6,SPA 104 or permission of instructor,
SPA312,3,"SPA 206 or SPA 210, or permission of instructor",
SPA313,3,SPA 206 or 210 or permission of the instructor,
SPA316,6,SPA 321,
SPA317,6,SPA 321,
SPA320,3,,
SPA321,3,"SPA 206 or SPA 210, or permission of instructor","D1, B2"
SPA325,3,SPA 206 or permission of instructor,
SPA401,3,SPA 325 or permission of instructor,
SPA412,3,any 400-level course in Spanish and senior standing in an approved engineering program,
SPA413,3,any 300-level SPA course or permission of the instructor,
SPA414,3,Any SPA 300-level course or permission of the instructor,
SPA415,3,Any SPA 300-level course or permission of the instructor,
SPA416,3,Any 300-level SPA course or permission of the instructor,
SPA419,3,SPA 312 or SPA 313 or permission of instructor,
SPA421,3,credit or concurrent enrollment in a 300-level Spanish course,
SPA430,3,SPA 325 or permission of instructor,
SPA431,3,SPA 325 or permission of instructor,
SPA471,3,SPA 325 or permission of instructor,
SPA472,3,SPA 325 or permission of instructor,
SPA473,3,SPA 325 or permission of instructor,
SPA481,3,SPA 325 or permission of instructor,
SPA485,3,SPA 325 or permission of instructor,
SPA488,3,SPA 325 or permission of instructor,
SPA489,3,SPA 325 or permission of instructor,
SPA497,3,"SPA 325, acceptance of project by faculty member, and approval of section head",
SPA498,3,"SPA 325, acceptance of project by faculty member, and approval of section head",
SPC201,3,,
SPC315,3,SPC 201 or permission of instructor,
SPC420,3,SPC 201 or permission of instructor,
SPC480,6,SPC 201 or permission on instructor,
SPC490,3,SPC 201 or permission by instructor,
SPC491,6,SPC 201 or permission of instructor,D1
SPC495,3,SPC 201 or permission by instructor,
SPC499,3,SPC 201 and senior standing or permission of the instructor,D1
STA220,3,,B3
STA305,4,(MTH 103 or MTH 111 or MTH 131 or MTH 141) and (STA 220 or STA 307 or STA 308 or STA 409) or permission of instructor,
STA307,4,MTH 107 or 108 or 131 or 141 or permission,
STA308,4,"Pre: MTH 103, 107, 110, 111, 131, 141, 180, or BAI (BUS) 111, or by permission of instructor",
STA400,4,"STA 307 or STA308, and STA 411 or STA 412, or by permission of the instructor",
STA409,3,MTH 131 or 141,
STA411,4,"STA 307, or 308, or 409, or permission of instructor",
STA412,4,STA 307 or 308 or 409,
STA414,3,"PHP 405, STA 411 or equivalent; graduate student standing or permission of the instructor",
STA441,4,"MTH 215; and STA 409, or STA 411, or STA 412; or permission of instructor",
STA460,4,"STA 307 or STA 308, or equivalent, or permission of instructor",
STA490,4,"(STA 411 or 412) and STA 441, or permission of the instructor",
STA491,3,permission of chairperson,
STA492,3,permission of chairperson,
SUS108G,4,,"B4, C1"
SUS261G,3,,"A1, B4"
SUS306,3,Junior Standing,
SUS460,3,junior standing,"C1, B4"
SUS461G,3,"(junior standing, PHY 204, and MTH 142), or permission of instructor","C2, A1"
THE100,3,,"A4, B2"
THE111,3,,
THE112,3,"THE 100 or THE 111, and by permission of instructor",
THE161,,,
THE181,3,,
THE200,2,,
THE211,3,"THE 111, 117, or permission of instructor; concurrent enrollment in THE 213",
THE212,3,THE 211 and permission of instructor; concurrent enrollment in THE 214,
THE213,1,concurrent enrollment in THE 211,
THE214,1,concurrent enrollment in THE 212,
THE217,3,permission of instructor,
THE221,3,,
THE227,3,theatre major or permission of instructor,
THE237,3,permission of instructor,
THE250,3,,
THE261,3,,
THE291,1,,
THE300,3,permission of staff,
THE301,3,permission of staff,
THE307,3,,
THE311,3,THE 212; concurrent enrollment in THE 313,
THE312,3,THE 311 and concurrent enrollment in THE 314,
THE313,1,concurrent enrollment in THE 311,
THE314,1,concurrent enrollment in THE 312,
THE321,3,,
THE322,3,THE 321 and permission of instructor,
THE331,3,,
THE338G,3,,"C1, D1"
THE341,3,,
THE350,1,,
THE351,3,,"A4, B4"
THE352,3,,"A4, B4"
THE355,3,THE 261 and 351 or 352 or permission of instructor,
THE362,3,,
THE365,3,THE 261 or permission of instructor,
THE371,3,,
THE381,3,,"A3, B1"
THE382,3,,
THE383,3,,"A3, B1"
THE391,2,,
THE400,3,permission of staff,
THE401,3,permission of staff,
THE411,3,"for THE 411, 311, 312, and permission of instructor and concurrent enrollment in THE 417",
THE412,3,THE 411 and permission of instructor and concurrent enrollment in THE 418,
THE413,3,permission of instructor,
THE417,1,concurrent enrollment in THE 411,
THE418,1,concurrent enrollment in THE 412,
THE420,3,"THE 321, 322, or equivalent and permission of instructor",
THE441,3,THE 341,
THE451,6,THE 351 or 352 or permission of instructor,
THE455,3,THE 355 or permission of instructor,
THE463,3,,
THE465,3,THE 365 and permission of instructor,
THE475,3,THE 371 and permission of instructor,
THE477,12,permission of chairperson,
THE481,3,,
THE484,3,upper-division standing,
THE499,1,senior standing and major or minor in theater,
THN260H,3,must have a 3.40 overall GPA,"A2, C3"
THN390,3,admission to the College of Nursing and prior faculty approval,
THN421,3,junior standing or above,
THN429,3,One prior thanatology course or permission of the instructor,
TMD103G,3,,C2
TMD113,3,,A1
TMD123,3,,A1
TMD126,3,,"A4, B2"
TMD203,3,TMD123,
TMD213,1,TMD203,
TMD222,3,TMD 103G,
TMD224,3,,
TMD225,4,TMD103G and TMD majors with freshman or sophomore standing,
TMD226,3,"ART 101 or 207 or ART 120 or ART 251 or ART 252, TMD 103G and 126",
TMD232,3,,
TMD240,3,"TMD 103G, 126, and sophomore standing","A4, B1"
TMD326G,3,TMD126 or ARH120,"A3, C2"
TMD327,4,"Junior Standing, ART 101 or ART 103 or ART 207, TMD 126, and TMD 222 or 225",
TMD332,3,TMD 103G and 232,
TMD333,3,TMD232,
TMD335,3,TMD 225 or permission of instructor,
TMD342,3,TMD 126 and permission of the instructor,
TMD345,3,TMD 335 or permission of instructor,
TMD355,3,TMD 335 or permission of instructor,
TMD361,4,approval of application by instructor and chairperson,
TMD362,4,approval of application by instructor and chairperson,
TMD365,3,TMD 225 and TMD 335 or permission of instructor,
TMD390,1,junior standing,
TMD402,2,"TM or TMD majors admitted to the College of Business with junior or senior standing, or permission of instructor",
TMD403,3,TMD 103G and 303 or permission of instructor,
TMD413,3,TMD 303 or permission of instructor,
TMD424,3,Junior standing,
TMD426,3,"TMD 103G, 226",
TMD427,3,TMD 327 or permission of instructor,
TMD432,3,TMD 232,
TMD433,3,ECN201 and ECN202 and TMD232 and completion of more than 75 credits,D1
TMD434,3,TMD 332 or permission or instructor,
TMD440,3,Junior standing or permission of instructor,
TMD441,3,Junior standing or permission of instructor,
TMD442,3,"TMD 126, 232 and 332 or permission of instructor",
TMD461,6,"completion of 60 credits, minimum GPA of 2.50, and permission of instructor and chairperson",
TMD462,6,"completion of 60 credits, minimum GPA of 2.50, and permission of instructor and chairperson",
UCS160,1,permission of instructor,
UCS161,1,UCS 160 or permission of instructor,
UCS270,1,Not for students with more than 75 credits,
UCS305,3,"PBA (Performance Based Admission) student, newly admitted veteran student or permission of instructor; not open for students with credits in ITR 300, USC 160, or UCS 270",
URB392,3,permission of instructor,
URI101,1,,
WRT100,2,Admission to Talent Development's Prematriculation Program,
WRT104,3,,"B1, B4"
WRT104H,3,must have a 3.40 overall GPA,"B1, B4"
WRT106,3,,"B1, B4"
WRT106H,3,Overall GPA of 3.40 or better,"B1, B4"
WRT201,3,,"B1, B4"
WRT227,3,Open to Business majors with sophomore or higher standing,"B1, B2"
WRT235,4,,
WRT270,3,,
WRT270H,3,3.40 overall gpa,
WRT290,4,,"B1, B4"
WRT302,4,,
WRT303,4,,
WRT305,4,,
WRT305H,4,3.40 overall gpa,
WRT306,3,,
WRT321G,4,,"B1, C1"
WRT331,3,any 200-level or above WRT course; PR and WRT majors only,
WRT332,3,,"B1, B2"
WRT334,4,,"B1, B2"
WRT353,4,permission of instructor or B or better in two WRT courses,
WRT360,3,WRT 201 and another WRT course at the 200-level or above,
WRT371G,4,"200-level WRT course (or above), minimum sophomore standing","B1, C3"
WRT375,3,,"D1, B1"
WRT383,3,WRT 353 and permission of instructor,
WRT385,4,writing and rhetoric major with a minimum of 12 credits in WRT courses and permission of supervisor,
WRT388,3,,
WRT391,3,permission of director,
WRT392,3,permission of director,
WRT404,4,,
WRT415,3,JOR 110 or 115 and junior standing,
WRT435,3,junior standing or permission of instructor,
WRT442,3,"Junior standing; open only to majors in Communication Studies, Public Relations, Journalism, and Writing",
WRT477,3,"60 credits with a minimum of 12 in WRT, 2.50 GPA, and permission of faculty advisor",
WRT490,4,Any 200-level or higher WRT course,
WRT492,3,Junior or senior standing or permission of the instructor,"D1, B1"
WRT495,4,Senior standing in the WRT major or permission of instructor,
WRT999,0,,
